No.;Tema;Pregunta
1;1. Criterios generales sobre becas;¿Qué pasa si los criterios y tipos de becas disponibles?
2;1. Criterios generales sobre becas;¿Cómo puedo los criterios y tipos de becas disponibles?
3;1. Criterios generales sobre becas;¿Cuándo debo los criterios y tipos de becas disponibles?
4;1. Criterios generales sobre becas;¿Dónde se los criterios y tipos de becas disponibles?
5;1. Criterios generales sobre becas;¿Quién puede los criterios y tipos de becas disponibles?
6;1. Criterios generales sobre becas;¿Cuáles son los requisitos para los criterios y tipos de becas disponibles?
7;1. Criterios generales sobre becas;¿Se puede los criterios y tipos de becas disponibles?
8;1. Criterios generales sobre becas;¿En qué consiste los criterios y tipos de becas disponibles?
9;1. Criterios generales sobre becas;¿Qué sucede si los criterios y tipos de becas disponibles?
10;1. Criterios generales sobre becas;¿Por qué motivo se los criterios y tipos de becas disponibles?
11;1. Criterios generales sobre becas;¿Qué pasa si los criterios y tipos de becas disponibles?
12;1. Criterios generales sobre becas;¿Cómo puedo los criterios y tipos de becas disponibles?
13;1. Criterios generales sobre becas;¿Cuándo debo los criterios y tipos de becas disponibles?
14;1. Criterios generales sobre becas;¿Dónde se los criterios y tipos de becas disponibles?
15;1. Criterios generales sobre becas;¿Quién puede los criterios y tipos de becas disponibles?
16;1. Criterios generales sobre becas;¿Cuáles son los requisitos para los criterios y tipos de becas disponibles?
17;1. Criterios generales sobre becas;¿Se puede los criterios y tipos de becas disponibles?
18;1. Criterios generales sobre becas;¿En qué consiste los criterios y tipos de becas disponibles?
19;1. Criterios generales sobre becas;¿Qué sucede si los criterios y tipos de becas disponibles?
20;1. Criterios generales sobre becas;¿Por qué motivo se los criterios y tipos de becas disponibles?
21;1. Criterios generales sobre becas;¿Qué pasa si los criterios y tipos de becas disponibles?
22;1. Criterios generales sobre becas;¿Cómo puedo los criterios y tipos de becas disponibles?
23;1. Criterios generales sobre becas;¿Cuándo debo los criterios y tipos de becas disponibles?
24;1. Criterios generales sobre becas;¿Dónde se los criterios y tipos de becas disponibles?
25;1. Criterios generales sobre becas;¿Quién puede los criterios y tipos de becas disponibles?
26;1. Criterios generales sobre becas;¿Cuáles son los requisitos para los criterios y tipos de becas disponibles?
27;1. Criterios generales sobre becas;¿Se puede los criterios y tipos de becas disponibles?
28;1. Criterios generales sobre becas;¿En qué consiste los criterios y tipos de becas disponibles?
29;1. Criterios generales sobre becas;¿Qué sucede si los criterios y tipos de becas disponibles?
30;1. Criterios generales sobre becas;¿Por qué motivo se los criterios y tipos de becas disponibles?
31;1. Criterios generales sobre becas;¿Qué pasa si los criterios y tipos de becas disponibles?
32;1. Criterios generales sobre becas;¿Cómo puedo los criterios y tipos de becas disponibles?
33;1. Criterios generales sobre becas;¿Cuándo debo los criterios y tipos de becas disponibles?
34;1. Criterios generales sobre becas;¿Dónde se los criterios y tipos de becas disponibles?
35;1. Criterios generales sobre becas;¿Quién puede los criterios y tipos de becas disponibles?
36;1. Criterios generales sobre becas;¿Cuáles son los requisitos para los criterios y tipos de becas disponibles?
37;1. Criterios generales sobre becas;¿Se puede los criterios y tipos de becas disponibles?
38;1. Criterios generales sobre becas;¿En qué consiste los criterios y tipos de becas disponibles?
39;1. Criterios generales sobre becas;¿Qué sucede si los criterios y tipos de becas disponibles?
40;1. Criterios generales sobre becas;¿Por qué motivo se los criterios y tipos de becas disponibles?
41;1. Criterios generales sobre becas;¿Qué pasa si los criterios y tipos de becas disponibles?
42;1. Criterios generales sobre becas;¿Cómo puedo los criterios y tipos de becas disponibles?
43;1. Criterios generales sobre becas;¿Cuándo debo los criterios y tipos de becas disponibles?
44;1. Criterios generales sobre becas;¿Dónde se los criterios y tipos de becas disponibles?
45;1. Criterios generales sobre becas;¿Quién puede los criterios y tipos de becas disponibles?
46;1. Criterios generales sobre becas;¿Cuáles son los requisitos para los criterios y tipos de becas disponibles?
47;1. Criterios generales sobre becas;¿Se puede los criterios y tipos de becas disponibles?
48;1. Criterios generales sobre becas;¿En qué consiste los criterios y tipos de becas disponibles?
49;1. Criterios generales sobre becas;¿Qué sucede si los criterios y tipos de becas disponibles?
50;1. Criterios generales sobre becas;¿Por qué motivo se los criterios y tipos de becas disponibles?
51;1. Criterios generales sobre becas;¿Qué pasa si los criterios y tipos de becas disponibles?
52;1. Criterios generales sobre becas;¿Cómo puedo los criterios y tipos de becas disponibles?
53;1. Criterios generales sobre becas;¿Cuándo debo los criterios y tipos de becas disponibles?
54;1. Criterios generales sobre becas;¿Dónde se los criterios y tipos de becas disponibles?
55;1. Criterios generales sobre becas;¿Quién puede los criterios y tipos de becas disponibles?
56;1. Criterios generales sobre becas;¿Cuáles son los requisitos para los criterios y tipos de becas disponibles?
57;1. Criterios generales sobre becas;¿Se puede los criterios y tipos de becas disponibles?
58;1. Criterios generales sobre becas;¿En qué consiste los criterios y tipos de becas disponibles?
59;1. Criterios generales sobre becas;¿Qué sucede si los criterios y tipos de becas disponibles?
60;1. Criterios generales sobre becas;¿Por qué motivo se los criterios y tipos de becas disponibles?
61;2. Petición y otorgamiento de beca;¿Qué pasa si el proceso para solicitar y obtener una beca?
62;2. Petición y otorgamiento de beca;¿Cómo puedo el proceso para solicitar y obtener una beca?
63;2. Petición y otorgamiento de beca;¿Cuándo debo el proceso para solicitar y obtener una beca?
64;2. Petición y otorgamiento de beca;¿Dónde se el proceso para solicitar y obtener una beca?
65;2. Petición y otorgamiento de beca;¿Quién puede el proceso para solicitar y obtener una beca?
66;2. Petición y otorgamiento de beca;¿Cuáles son los requisitos para el proceso para solicitar y obtener una beca?
67;2. Petición y otorgamiento de beca;¿Se puede el proceso para solicitar y obtener una beca?
68;2. Petición y otorgamiento de beca;¿En qué consiste el proceso para solicitar y obtener una beca?
69;2. Petición y otorgamiento de beca;¿Qué sucede si el proceso para solicitar y obtener una beca?
70;2. Petición y otorgamiento de beca;¿Por qué motivo se el proceso para solicitar y obtener una beca?
71;2. Petición y otorgamiento de beca;¿Qué pasa si el proceso para solicitar y obtener una beca?
72;2. Petición y otorgamiento de beca;¿Cómo puedo el proceso para solicitar y obtener una beca?
73;2. Petición y otorgamiento de beca;¿Cuándo debo el proceso para solicitar y obtener una beca?
74;2. Petición y otorgamiento de beca;¿Dónde se el proceso para solicitar y obtener una beca?
75;2. Petición y otorgamiento de beca;¿Quién puede el proceso para solicitar y obtener una beca?
76;2. Petición y otorgamiento de beca;¿Cuáles son los requisitos para el proceso para solicitar y obtener una beca?
77;2. Petición y otorgamiento de beca;¿Se puede el proceso para solicitar y obtener una beca?
78;2. Petición y otorgamiento de beca;¿En qué consiste el proceso para solicitar y obtener una beca?
79;2. Petición y otorgamiento de beca;¿Qué sucede si el proceso para solicitar y obtener una beca?
80;2. Petición y otorgamiento de beca;¿Por qué motivo se el proceso para solicitar y obtener una beca?
81;2. Petición y otorgamiento de beca;¿Qué pasa si el proceso para solicitar y obtener una beca?
82;2. Petición y otorgamiento de beca;¿Cómo puedo el proceso para solicitar y obtener una beca?
83;2. Petición y otorgamiento de beca;¿Cuándo debo el proceso para solicitar y obtener una beca?
84;2. Petición y otorgamiento de beca;¿Dónde se el proceso para solicitar y obtener una beca?
85;2. Petición y otorgamiento de beca;¿Quién puede el proceso para solicitar y obtener una beca?
86;2. Petición y otorgamiento de beca;¿Cuáles son los requisitos para el proceso para solicitar y obtener una beca?
87;2. Petición y otorgamiento de beca;¿Se puede el proceso para solicitar y obtener una beca?
88;2. Petición y otorgamiento de beca;¿En qué consiste el proceso para solicitar y obtener una beca?
89;2. Petición y otorgamiento de beca;¿Qué sucede si el proceso para solicitar y obtener una beca?
90;2. Petición y otorgamiento de beca;¿Por qué motivo se el proceso para solicitar y obtener una beca?
91;2. Petición y otorgamiento de beca;¿Qué pasa si el proceso para solicitar y obtener una beca?
92;2. Petición y otorgamiento de beca;¿Cómo puedo el proceso para solicitar y obtener una beca?
93;2. Petición y otorgamiento de beca;¿Cuándo debo el proceso para solicitar y obtener una beca?
94;2. Petición y otorgamiento de beca;¿Dónde se el proceso para solicitar y obtener una beca?
95;2. Petición y otorgamiento de beca;¿Quién puede el proceso para solicitar y obtener una beca?
96;2. Petición y otorgamiento de beca;¿Cuáles son los requisitos para el proceso para solicitar y obtener una beca?
97;2. Petición y otorgamiento de beca;¿Se puede el proceso para solicitar y obtener una beca?
98;2. Petición y otorgamiento de beca;¿En qué consiste el proceso para solicitar y obtener una beca?
99;2. Petición y otorgamiento de beca;¿Qué sucede si el proceso para solicitar y obtener una beca?
100;2. Petición y otorgamiento de beca;¿Por qué motivo se el proceso para solicitar y obtener una beca?
101;2. Petición y otorgamiento de beca;¿Qué pasa si el proceso para solicitar y obtener una beca?
102;2. Petición y otorgamiento de beca;¿Cómo puedo el proceso para solicitar y obtener una beca?
103;2. Petición y otorgamiento de beca;¿Cuándo debo el proceso para solicitar y obtener una beca?
104;2. Petición y otorgamiento de beca;¿Dónde se el proceso para solicitar y obtener una beca?
105;2. Petición y otorgamiento de beca;¿Quién puede el proceso para solicitar y obtener una beca?
106;2. Petición y otorgamiento de beca;¿Cuáles son los requisitos para el proceso para solicitar y obtener una beca?
107;2. Petición y otorgamiento de beca;¿Se puede el proceso para solicitar y obtener una beca?
108;2. Petición y otorgamiento de beca;¿En qué consiste el proceso para solicitar y obtener una beca?
109;2. Petición y otorgamiento de beca;¿Qué sucede si el proceso para solicitar y obtener una beca?
110;2. Petición y otorgamiento de beca;¿Por qué motivo se el proceso para solicitar y obtener una beca?
111;2. Petición y otorgamiento de beca;¿Qué pasa si el proceso para solicitar y obtener una beca?
112;2. Petición y otorgamiento de beca;¿Cómo puedo el proceso para solicitar y obtener una beca?
113;2. Petición y otorgamiento de beca;¿Cuándo debo el proceso para solicitar y obtener una beca?
114;2. Petición y otorgamiento de beca;¿Dónde se el proceso para solicitar y obtener una beca?
115;2. Petición y otorgamiento de beca;¿Quién puede el proceso para solicitar y obtener una beca?
116;2. Petición y otorgamiento de beca;¿Cuáles son los requisitos para el proceso para solicitar y obtener una beca?
117;2. Petición y otorgamiento de beca;¿Se puede el proceso para solicitar y obtener una beca?
118;2. Petición y otorgamiento de beca;¿En qué consiste el proceso para solicitar y obtener una beca?
119;2. Petición y otorgamiento de beca;¿Qué sucede si el proceso para solicitar y obtener una beca?
120;2. Petición y otorgamiento de beca;¿Por qué motivo se el proceso para solicitar y obtener una beca?
121;2. Petición y otorgamiento de beca;¿Qué pasa si el proceso para solicitar y obtener una beca?
122;2. Petición y otorgamiento de beca;¿Cómo puedo el proceso para solicitar y obtener una beca?
123;2. Petición y otorgamiento de beca;¿Cuándo debo el proceso para solicitar y obtener una beca?
124;2. Petición y otorgamiento de beca;¿Dónde se el proceso para solicitar y obtener una beca?
125;2. Petición y otorgamiento de beca;¿Quién puede el proceso para solicitar y obtener una beca?
126;2. Petición y otorgamiento de beca;¿Cuáles son los requisitos para el proceso para solicitar y obtener una beca?
127;2. Petición y otorgamiento de beca;¿Se puede el proceso para solicitar y obtener una beca?
128;2. Petición y otorgamiento de beca;¿En qué consiste el proceso para solicitar y obtener una beca?
129;2. Petición y otorgamiento de beca;¿Qué sucede si el proceso para solicitar y obtener una beca?
130;2. Petición y otorgamiento de beca;¿Por qué motivo se el proceso para solicitar y obtener una beca?
131;3. Conservación de la beca;¿Qué pasa si las condiciones para mantener el beneficio?
132;3. Conservación de la beca;¿Cómo puedo las condiciones para mantener el beneficio?
133;3. Conservación de la beca;¿Cuándo debo las condiciones para mantener el beneficio?
134;3. Conservación de la beca;¿Dónde se las condiciones para mantener el beneficio?
135;3. Conservación de la beca;¿Quién puede las condiciones para mantener el beneficio?
136;3. Conservación de la beca;¿Cuáles son los requisitos para las condiciones para mantener el beneficio?
137;3. Conservación de la beca;¿Se puede las condiciones para mantener el beneficio?
138;3. Conservación de la beca;¿En qué consiste las condiciones para mantener el beneficio?
139;3. Conservación de la beca;¿Qué sucede si las condiciones para mantener el beneficio?
140;3. Conservación de la beca;¿Por qué motivo se las condiciones para mantener el beneficio?
141;3. Conservación de la beca;¿Qué pasa si las condiciones para mantener el beneficio?
142;3. Conservación de la beca;¿Cómo puedo las condiciones para mantener el beneficio?
143;3. Conservación de la beca;¿Cuándo debo las condiciones para mantener el beneficio?
144;3. Conservación de la beca;¿Dónde se las condiciones para mantener el beneficio?
145;3. Conservación de la beca;¿Quién puede las condiciones para mantener el beneficio?
146;3. Conservación de la beca;¿Cuáles son los requisitos para las condiciones para mantener el beneficio?
147;3. Conservación de la beca;¿Se puede las condiciones para mantener el beneficio?
148;3. Conservación de la beca;¿En qué consiste las condiciones para mantener el beneficio?
149;3. Conservación de la beca;¿Qué sucede si las condiciones para mantener el beneficio?
150;3. Conservación de la beca;¿Por qué motivo se las condiciones para mantener el beneficio?
151;3. Conservación de la beca;¿Qué pasa si las condiciones para mantener el beneficio?
152;3. Conservación de la beca;¿Cómo puedo las condiciones para mantener el beneficio?
153;3. Conservación de la beca;¿Cuándo debo las condiciones para mantener el beneficio?
154;3. Conservación de la beca;¿Dónde se las condiciones para mantener el beneficio?
155;3. Conservación de la beca;¿Quién puede las condiciones para mantener el beneficio?
156;3. Conservación de la beca;¿Cuáles son los requisitos para las condiciones para mantener el beneficio?
157;3. Conservación de la beca;¿Se puede las condiciones para mantener el beneficio?
158;3. Conservación de la beca;¿En qué consiste las condiciones para mantener el beneficio?
159;3. Conservación de la beca;¿Qué sucede si las condiciones para mantener el beneficio?
160;3. Conservación de la beca;¿Por qué motivo se las condiciones para mantener el beneficio?
161;3. Conservación de la beca;¿Qué pasa si las condiciones para mantener el beneficio?
162;3. Conservación de la beca;¿Cómo puedo las condiciones para mantener el beneficio?
163;3. Conservación de la beca;¿Cuándo debo las condiciones para mantener el beneficio?
164;3. Conservación de la beca;¿Dónde se las condiciones para mantener el beneficio?
165;3. Conservación de la beca;¿Quién puede las condiciones para mantener el beneficio?
166;3. Conservación de la beca;¿Cuáles son los requisitos para las condiciones para mantener el beneficio?
167;3. Conservación de la beca;¿Se puede las condiciones para mantener el beneficio?
168;3. Conservación de la beca;¿En qué consiste las condiciones para mantener el beneficio?
169;3. Conservación de la beca;¿Qué sucede si las condiciones para mantener el beneficio?
170;3. Conservación de la beca;¿Por qué motivo se las condiciones para mantener el beneficio?
171;3. Conservación de la beca;¿Qué pasa si las condiciones para mantener el beneficio?
172;3. Conservación de la beca;¿Cómo puedo las condiciones para mantener el beneficio?
173;3. Conservación de la beca;¿Cuándo debo las condiciones para mantener el beneficio?
174;3. Conservación de la beca;¿Dónde se las condiciones para mantener el beneficio?
175;3. Conservación de la beca;¿Quién puede las condiciones para mantener el beneficio?
176;3. Conservación de la beca;¿Cuáles son los requisitos para las condiciones para mantener el beneficio?
177;3. Conservación de la beca;¿Se puede las condiciones para mantener el beneficio?
178;3. Conservación de la beca;¿En qué consiste las condiciones para mantener el beneficio?
179;3. Conservación de la beca;¿Qué sucede si las condiciones para mantener el beneficio?
180;3. Conservación de la beca;¿Por qué motivo se las condiciones para mantener el beneficio?
181;3. Conservación de la beca;¿Qué pasa si las condiciones para mantener el beneficio?
182;3. Conservación de la beca;¿Cómo puedo las condiciones para mantener el beneficio?
183;3. Conservación de la beca;¿Cuándo debo las condiciones para mantener el beneficio?
184;3. Conservación de la beca;¿Dónde se las condiciones para mantener el beneficio?
185;3. Conservación de la beca;¿Quién puede las condiciones para mantener el beneficio?
186;3. Conservación de la beca;¿Cuáles son los requisitos para las condiciones para mantener el beneficio?
187;3. Conservación de la beca;¿Se puede las condiciones para mantener el beneficio?
188;3. Conservación de la beca;¿En qué consiste las condiciones para mantener el beneficio?
189;3. Conservación de la beca;¿Qué sucede si las condiciones para mantener el beneficio?
190;3. Conservación de la beca;¿Por qué motivo se las condiciones para mantener el beneficio?
191;3. Conservación de la beca;¿Qué pasa si las condiciones para mantener el beneficio?
192;3. Conservación de la beca;¿Cómo puedo las condiciones para mantener el beneficio?
193;3. Conservación de la beca;¿Cuándo debo las condiciones para mantener el beneficio?
194;3. Conservación de la beca;¿Dónde se las condiciones para mantener el beneficio?
195;3. Conservación de la beca;¿Quién puede las condiciones para mantener el beneficio?
196;3. Conservación de la beca;¿Cuáles son los requisitos para las condiciones para mantener el beneficio?
197;3. Conservación de la beca;¿Se puede las condiciones para mantener el beneficio?
198;3. Conservación de la beca;¿En qué consiste las condiciones para mantener el beneficio?
199;3. Conservación de la beca;¿Qué sucede si las condiciones para mantener el beneficio?
200;3. Conservación de la beca;¿Por qué motivo se las condiciones para mantener el beneficio?
201;4. Pérdida y recuperación de la beca;¿Qué pasa si las causas de suspensión o pérdida y cómo recuperarla?
202;4. Pérdida y recuperación de la beca;¿Cómo puedo las causas de suspensión o pérdida y cómo recuperarla?
203;4. Pérdida y recuperación de la beca;¿Cuándo debo las causas de suspensión o pérdida y cómo recuperarla?
204;4. Pérdida y recuperación de la beca;¿Dónde se las causas de suspensión o pérdida y cómo recuperarla?
205;4. Pérdida y recuperación de la beca;¿Quién puede las causas de suspensión o pérdida y cómo recuperarla?
206;4. Pérdida y recuperación de la beca;¿Cuáles son los requisitos para las causas de suspensión o pérdida y cómo recuperarla?
207;4. Pérdida y recuperación de la beca;¿Se puede las causas de suspensión o pérdida y cómo recuperarla?
208;4. Pérdida y recuperación de la beca;¿En qué consiste las causas de suspensión o pérdida y cómo recuperarla?
209;4. Pérdida y recuperación de la beca;¿Qué sucede si las causas de suspensión o pérdida y cómo recuperarla?
210;4. Pérdida y recuperación de la beca;¿Por qué motivo se las causas de suspensión o pérdida y cómo recuperarla?
211;4. Pérdida y recuperación de la beca;¿Qué pasa si las causas de suspensión o pérdida y cómo recuperarla?
212;4. Pérdida y recuperación de la beca;¿Cómo puedo las causas de suspensión o pérdida y cómo recuperarla?
213;4. Pérdida y recuperación de la beca;¿Cuándo debo las causas de suspensión o pérdida y cómo recuperarla?
214;4. Pérdida y recuperación de la beca;¿Dónde se las causas de suspensión o pérdida y cómo recuperarla?
215;4. Pérdida y recuperación de la beca;¿Quién puede las causas de suspensión o pérdida y cómo recuperarla?
216;4. Pérdida y recuperación de la beca;¿Cuáles son los requisitos para las causas de suspensión o pérdida y cómo recuperarla?
217;4. Pérdida y recuperación de la beca;¿Se puede las causas de suspensión o pérdida y cómo recuperarla?
218;4. Pérdida y recuperación de la beca;¿En qué consiste las causas de suspensión o pérdida y cómo recuperarla?
219;4. Pérdida y recuperación de la beca;¿Qué sucede si las causas de suspensión o pérdida y cómo recuperarla?
220;4. Pérdida y recuperación de la beca;¿Por qué motivo se las causas de suspensión o pérdida y cómo recuperarla?
221;4. Pérdida y recuperación de la beca;¿Qué pasa si las causas de suspensión o pérdida y cómo recuperarla?
222;4. Pérdida y recuperación de la beca;¿Cómo puedo las causas de suspensión o pérdida y cómo recuperarla?
223;4. Pérdida y recuperación de la beca;¿Cuándo debo las causas de suspensión o pérdida y cómo recuperarla?
224;4. Pérdida y recuperación de la beca;¿Dónde se las causas de suspensión o pérdida y cómo recuperarla?
225;4. Pérdida y recuperación de la beca;¿Quién puede las causas de suspensión o pérdida y cómo recuperarla?
226;4. Pérdida y recuperación de la beca;¿Cuáles son los requisitos para las causas de suspensión o pérdida y cómo recuperarla?
227;4. Pérdida y recuperación de la beca;¿Se puede las causas de suspensión o pérdida y cómo recuperarla?
228;4. Pérdida y recuperación de la beca;¿En qué consiste las causas de suspensión o pérdida y cómo recuperarla?
229;4. Pérdida y recuperación de la beca;¿Qué sucede si las causas de suspensión o pérdida y cómo recuperarla?
230;4. Pérdida y recuperación de la beca;¿Por qué motivo se las causas de suspensión o pérdida y cómo recuperarla?
231;4. Pérdida y recuperación de la beca;¿Qué pasa si las causas de suspensión o pérdida y cómo recuperarla?
232;4. Pérdida y recuperación de la beca;¿Cómo puedo las causas de suspensión o pérdida y cómo recuperarla?
233;4. Pérdida y recuperación de la beca;¿Cuándo debo las causas de suspensión o pérdida y cómo recuperarla?
234;4. Pérdida y recuperación de la beca;¿Dónde se las causas de suspensión o pérdida y cómo recuperarla?
235;4. Pérdida y recuperación de la beca;¿Quién puede las causas de suspensión o pérdida y cómo recuperarla?
236;4. Pérdida y recuperación de la beca;¿Cuáles son los requisitos para las causas de suspensión o pérdida y cómo recuperarla?
237;4. Pérdida y recuperación de la beca;¿Se puede las causas de suspensión o pérdida y cómo recuperarla?
238;4. Pérdida y recuperación de la beca;¿En qué consiste las causas de suspensión o pérdida y cómo recuperarla?
239;4. Pérdida y recuperación de la beca;¿Qué sucede si las causas de suspensión o pérdida y cómo recuperarla?
240;4. Pérdida y recuperación de la beca;¿Por qué motivo se las causas de suspensión o pérdida y cómo recuperarla?
241;4. Pérdida y recuperación de la beca;¿Qué pasa si las causas de suspensión o pérdida y cómo recuperarla?
242;4. Pérdida y recuperación de la beca;¿Cómo puedo las causas de suspensión o pérdida y cómo recuperarla?
243;4. Pérdida y recuperación de la beca;¿Cuándo debo las causas de suspensión o pérdida y cómo recuperarla?
244;4. Pérdida y recuperación de la beca;¿Dónde se las causas de suspensión o pérdida y cómo recuperarla?
245;4. Pérdida y recuperación de la beca;¿Quién puede las causas de suspensión o pérdida y cómo recuperarla?
246;4. Pérdida y recuperación de la beca;¿Cuáles son los requisitos para las causas de suspensión o pérdida y cómo recuperarla?
247;4. Pérdida y recuperación de la beca;¿Se puede las causas de suspensión o pérdida y cómo recuperarla?
248;4. Pérdida y recuperación de la beca;¿En qué consiste las causas de suspensión o pérdida y cómo recuperarla?
249;4. Pérdida y recuperación de la beca;¿Qué sucede si las causas de suspensión o pérdida y cómo recuperarla?
250;4. Pérdida y recuperación de la beca;¿Por qué motivo se las causas de suspensión o pérdida y cómo recuperarla?
251;4. Pérdida y recuperación de la beca;¿Qué pasa si las causas de suspensión o pérdida y cómo recuperarla?
252;4. Pérdida y recuperación de la beca;¿Cómo puedo las causas de suspensión o pérdida y cómo recuperarla?
253;4. Pérdida y recuperación de la beca;¿Cuándo debo las causas de suspensión o pérdida y cómo recuperarla?
254;4. Pérdida y recuperación de la beca;¿Dónde se las causas de suspensión o pérdida y cómo recuperarla?
255;4. Pérdida y recuperación de la beca;¿Quién puede las causas de suspensión o pérdida y cómo recuperarla?
256;4. Pérdida y recuperación de la beca;¿Cuáles son los requisitos para las causas de suspensión o pérdida y cómo recuperarla?
257;4. Pérdida y recuperación de la beca;¿Se puede las causas de suspensión o pérdida y cómo recuperarla?
258;4. Pérdida y recuperación de la beca;¿En qué consiste las causas de suspensión o pérdida y cómo recuperarla?
259;4. Pérdida y recuperación de la beca;¿Qué sucede si las causas de suspensión o pérdida y cómo recuperarla?
260;4. Pérdida y recuperación de la beca;¿Por qué motivo se las causas de suspensión o pérdida y cómo recuperarla?
261;4. Pérdida y recuperación de la beca;¿Qué pasa si las causas de suspensión o pérdida y cómo recuperarla?
262;4. Pérdida y recuperación de la beca;¿Cómo puedo las causas de suspensión o pérdida y cómo recuperarla?
263;4. Pérdida y recuperación de la beca;¿Cuándo debo las causas de suspensión o pérdida y cómo recuperarla?
264;4. Pérdida y recuperación de la beca;¿Dónde se las causas de suspensión o pérdida y cómo recuperarla?
265;4. Pérdida y recuperación de la beca;¿Quién puede las causas de suspensión o pérdida y cómo recuperarla?
266;4. Pérdida y recuperación de la beca;¿Cuáles son los requisitos para las causas de suspensión o pérdida y cómo recuperarla?
267;4. Pérdida y recuperación de la beca;¿Se puede las causas de suspensión o pérdida y cómo recuperarla?
268;4. Pérdida y recuperación de la beca;¿En qué consiste las causas de suspensión o pérdida y cómo recuperarla?
269;4. Pérdida y recuperación de la beca;¿Qué sucede si las causas de suspensión o pérdida y cómo recuperarla?
270;4. Pérdida y recuperación de la beca;¿Por qué motivo se las causas de suspensión o pérdida y cómo recuperarla?
271;5. Transferencia y movilidad con beca o financiamiento;¿Qué pasa si las becas en caso de cambiar de campus o sede?
272;5. Transferencia y movilidad con beca o financiamiento;¿Cómo puedo las becas en caso de cambiar de campus o sede?
273;5. Transferencia y movilidad con beca o financiamiento;¿Cuándo debo las becas en caso de cambiar de campus o sede?
274;5. Transferencia y movilidad con beca o financiamiento;¿Dónde se las becas en caso de cambiar de campus o sede?
275;5. Transferencia y movilidad con beca o financiamiento;¿Quién puede las becas en caso de cambiar de campus o sede?
276;5. Transferencia y movilidad con beca o financiamiento;¿Cuáles son los requisitos para las becas en caso de cambiar de campus o sede?
277;5. Transferencia y movilidad con beca o financiamiento;¿Se puede las becas en caso de cambiar de campus o sede?
278;5. Transferencia y movilidad con beca o financiamiento;¿En qué consiste las becas en caso de cambiar de campus o sede?
279;5. Transferencia y movilidad con beca o financiamiento;¿Qué sucede si las becas en caso de cambiar de campus o sede?
280;5. Transferencia y movilidad con beca o financiamiento;¿Por qué motivo se las becas en caso de cambiar de campus o sede?
281;5. Transferencia y movilidad con beca o financiamiento;¿Qué pasa si las becas en caso de cambiar de campus o sede?
282;5. Transferencia y movilidad con beca o financiamiento;¿Cómo puedo las becas en caso de cambiar de campus o sede?
283;5. Transferencia y movilidad con beca o financiamiento;¿Cuándo debo las becas en caso de cambiar de campus o sede?
284;5. Transferencia y movilidad con beca o financiamiento;¿Dónde se las becas en caso de cambiar de campus o sede?
285;5. Transferencia y movilidad con beca o financiamiento;¿Quién puede las becas en caso de cambiar de campus o sede?
286;5. Transferencia y movilidad con beca o financiamiento;¿Cuáles son los requisitos para las becas en caso de cambiar de campus o sede?
287;5. Transferencia y movilidad con beca o financiamiento;¿Se puede las becas en caso de cambiar de campus o sede?
288;5. Transferencia y movilidad con beca o financiamiento;¿En qué consiste las becas en caso de cambiar de campus o sede?
289;5. Transferencia y movilidad con beca o financiamiento;¿Qué sucede si las becas en caso de cambiar de campus o sede?
290;5. Transferencia y movilidad con beca o financiamiento;¿Por qué motivo se las becas en caso de cambiar de campus o sede?
291;5. Transferencia y movilidad con beca o financiamiento;¿Qué pasa si las becas en caso de cambiar de campus o sede?
292;5. Transferencia y movilidad con beca o financiamiento;¿Cómo puedo las becas en caso de cambiar de campus o sede?
293;5. Transferencia y movilidad con beca o financiamiento;¿Cuándo debo las becas en caso de cambiar de campus o sede?
294;5. Transferencia y movilidad con beca o financiamiento;¿Dónde se las becas en caso de cambiar de campus o sede?
295;5. Transferencia y movilidad con beca o financiamiento;¿Quién puede las becas en caso de cambiar de campus o sede?
296;5. Transferencia y movilidad con beca o financiamiento;¿Cuáles son los requisitos para las becas en caso de cambiar de campus o sede?
297;5. Transferencia y movilidad con beca o financiamiento;¿Se puede las becas en caso de cambiar de campus o sede?
298;5. Transferencia y movilidad con beca o financiamiento;¿En qué consiste las becas en caso de cambiar de campus o sede?
299;5. Transferencia y movilidad con beca o financiamiento;¿Qué sucede si las becas en caso de cambiar de campus o sede?
300;5. Transferencia y movilidad con beca o financiamiento;¿Por qué motivo se las becas en caso de cambiar de campus o sede?
301;5. Transferencia y movilidad con beca o financiamiento;¿Qué pasa si las becas en caso de cambiar de campus o sede?
302;5. Transferencia y movilidad con beca o financiamiento;¿Cómo puedo las becas en caso de cambiar de campus o sede?
303;5. Transferencia y movilidad con beca o financiamiento;¿Cuándo debo las becas en caso de cambiar de campus o sede?
304;5. Transferencia y movilidad con beca o financiamiento;¿Dónde se las becas en caso de cambiar de campus o sede?
305;5. Transferencia y movilidad con beca o financiamiento;¿Quién puede las becas en caso de cambiar de campus o sede?
306;5. Transferencia y movilidad con beca o financiamiento;¿Cuáles son los requisitos para las becas en caso de cambiar de campus o sede?
307;5. Transferencia y movilidad con beca o financiamiento;¿Se puede las becas en caso de cambiar de campus o sede?
308;5. Transferencia y movilidad con beca o financiamiento;¿En qué consiste las becas en caso de cambiar de campus o sede?
309;5. Transferencia y movilidad con beca o financiamiento;¿Qué sucede si las becas en caso de cambiar de campus o sede?
310;5. Transferencia y movilidad con beca o financiamiento;¿Por qué motivo se las becas en caso de cambiar de campus o sede?
311;5. Transferencia y movilidad con beca o financiamiento;¿Qué pasa si las becas en caso de cambiar de campus o sede?
312;5. Transferencia y movilidad con beca o financiamiento;¿Cómo puedo las becas en caso de cambiar de campus o sede?
313;5. Transferencia y movilidad con beca o financiamiento;¿Cuándo debo las becas en caso de cambiar de campus o sede?
314;5. Transferencia y movilidad con beca o financiamiento;¿Dónde se las becas en caso de cambiar de campus o sede?
315;5. Transferencia y movilidad con beca o financiamiento;¿Quién puede las becas en caso de cambiar de campus o sede?
316;5. Transferencia y movilidad con beca o financiamiento;¿Cuáles son los requisitos para las becas en caso de cambiar de campus o sede?
317;5. Transferencia y movilidad con beca o financiamiento;¿Se puede las becas en caso de cambiar de campus o sede?
318;5. Transferencia y movilidad con beca o financiamiento;¿En qué consiste las becas en caso de cambiar de campus o sede?
319;5. Transferencia y movilidad con beca o financiamiento;¿Qué sucede si las becas en caso de cambiar de campus o sede?
320;5. Transferencia y movilidad con beca o financiamiento;¿Por qué motivo se las becas en caso de cambiar de campus o sede?
321;6. Comité de becas y financiamiento educativo;¿Qué pasa si el comité encargado de evaluar solicitudes?
322;6. Comité de becas y financiamiento educativo;¿Cómo puedo el comité encargado de evaluar solicitudes?
323;6. Comité de becas y financiamiento educativo;¿Cuándo debo el comité encargado de evaluar solicitudes?
324;6. Comité de becas y financiamiento educativo;¿Dónde se el comité encargado de evaluar solicitudes?
325;6. Comité de becas y financiamiento educativo;¿Quién puede el comité encargado de evaluar solicitudes?
326;6. Comité de becas y financiamiento educativo;¿Cuáles son los requisitos para el comité encargado de evaluar solicitudes?
327;6. Comité de becas y financiamiento educativo;¿Se puede el comité encargado de evaluar solicitudes?
328;6. Comité de becas y financiamiento educativo;¿En qué consiste el comité encargado de evaluar solicitudes?
329;6. Comité de becas y financiamiento educativo;¿Qué sucede si el comité encargado de evaluar solicitudes?
330;6. Comité de becas y financiamiento educativo;¿Por qué motivo se el comité encargado de evaluar solicitudes?
331;6. Comité de becas y financiamiento educativo;¿Qué pasa si el comité encargado de evaluar solicitudes?
332;6. Comité de becas y financiamiento educativo;¿Cómo puedo el comité encargado de evaluar solicitudes?
333;6. Comité de becas y financiamiento educativo;¿Cuándo debo el comité encargado de evaluar solicitudes?
334;6. Comité de becas y financiamiento educativo;¿Dónde se el comité encargado de evaluar solicitudes?
335;6. Comité de becas y financiamiento educativo;¿Quién puede el comité encargado de evaluar solicitudes?
336;6. Comité de becas y financiamiento educativo;¿Cuáles son los requisitos para el comité encargado de evaluar solicitudes?
337;6. Comité de becas y financiamiento educativo;¿Se puede el comité encargado de evaluar solicitudes?
338;6. Comité de becas y financiamiento educativo;¿En qué consiste el comité encargado de evaluar solicitudes?
339;6. Comité de becas y financiamiento educativo;¿Qué sucede si el comité encargado de evaluar solicitudes?
340;6. Comité de becas y financiamiento educativo;¿Por qué motivo se el comité encargado de evaluar solicitudes?
341;6. Comité de becas y financiamiento educativo;¿Qué pasa si el comité encargado de evaluar solicitudes?
342;6. Comité de becas y financiamiento educativo;¿Cómo puedo el comité encargado de evaluar solicitudes?
343;6. Comité de becas y financiamiento educativo;¿Cuándo debo el comité encargado de evaluar solicitudes?
344;6. Comité de becas y financiamiento educativo;¿Dónde se el comité encargado de evaluar solicitudes?
345;6. Comité de becas y financiamiento educativo;¿Quién puede el comité encargado de evaluar solicitudes?
346;6. Comité de becas y financiamiento educativo;¿Cuáles son los requisitos para el comité encargado de evaluar solicitudes?
347;6. Comité de becas y financiamiento educativo;¿Se puede el comité encargado de evaluar solicitudes?
348;6. Comité de becas y financiamiento educativo;¿En qué consiste el comité encargado de evaluar solicitudes?
349;6. Comité de becas y financiamiento educativo;¿Qué sucede si el comité encargado de evaluar solicitudes?
350;6. Comité de becas y financiamiento educativo;¿Por qué motivo se el comité encargado de evaluar solicitudes?
351;6. Comité de becas y financiamiento educativo;¿Qué pasa si el comité encargado de evaluar solicitudes?
352;6. Comité de becas y financiamiento educativo;¿Cómo puedo el comité encargado de evaluar solicitudes?
353;6. Comité de becas y financiamiento educativo;¿Cuándo debo el comité encargado de evaluar solicitudes?
354;6. Comité de becas y financiamiento educativo;¿Dónde se el comité encargado de evaluar solicitudes?
355;6. Comité de becas y financiamiento educativo;¿Quién puede el comité encargado de evaluar solicitudes?
356;6. Comité de becas y financiamiento educativo;¿Cuáles son los requisitos para el comité encargado de evaluar solicitudes?
357;6. Comité de becas y financiamiento educativo;¿Se puede el comité encargado de evaluar solicitudes?
358;6. Comité de becas y financiamiento educativo;¿En qué consiste el comité encargado de evaluar solicitudes?
359;6. Comité de becas y financiamiento educativo;¿Qué sucede si el comité encargado de evaluar solicitudes?
360;6. Comité de becas y financiamiento educativo;¿Por qué motivo se el comité encargado de evaluar solicitudes?
361;7. Financiamiento educativo (criterios, solicitud, renovación, pago, pérdida);¿Qué pasa si el sistema de créditos o apoyos financieros?
362;7. Financiamiento educativo (criterios, solicitud, renovación, pago, pérdida);¿Cómo puedo el sistema de créditos o apoyos financieros?
363;7. Financiamiento educativo (criterios, solicitud, renovación, pago, pérdida);¿Cuándo debo el sistema de créditos o apoyos financieros?
364;7. Financiamiento educativo (criterios, solicitud, renovación, pago, pérdida);¿Dónde se el sistema de créditos o apoyos financieros?
365;7. Financiamiento educativo (criterios, solicitud, renovación, pago, pérdida);¿Quién puede el sistema de créditos o apoyos financieros?
366;7. Financiamiento educativo (criterios, solicitud, renovación, pago, pérdida);¿Cuáles son los requisitos para el sistema de créditos o apoyos financieros?
367;7. Financiamiento educativo (criterios, solicitud, renovación, pago, pérdida);¿Se puede el sistema de créditos o apoyos financieros?
368;7. Financiamiento educativo (criterios, solicitud, renovación, pago, pérdida);¿En qué consiste el sistema de créditos o apoyos financieros?
369;7. Financiamiento educativo (criterios, solicitud, renovación, pago, pérdida);¿Qué sucede si el sistema de créditos o apoyos financieros?
370;7. Financiamiento educativo (criterios, solicitud, renovación, pago, pérdida);¿Por qué motivo se el sistema de créditos o apoyos financieros?
371;7. Financiamiento educativo (criterios, solicitud, renovación, pago, pérdida);¿Qué pasa si el sistema de créditos o apoyos financieros?
372;7. Financiamiento educativo (criterios, solicitud, renovación, pago, pérdida);¿Cómo puedo el sistema de créditos o apoyos financieros?
373;7. Financiamiento educativo (criterios, solicitud, renovación, pago, pérdida);¿Cuándo debo el sistema de créditos o apoyos financieros?
374;7. Financiamiento educativo (criterios, solicitud, renovación, pago, pérdida);¿Dónde se el sistema de créditos o apoyos financieros?
375;7. Financiamiento educativo (criterios, solicitud, renovación, pago, pérdida);¿Quién puede el sistema de créditos o apoyos financieros?
376;7. Financiamiento educativo (criterios, solicitud, renovación, pago, pérdida);¿Cuáles son los requisitos para el sistema de créditos o apoyos financieros?
377;7. Financiamiento educativo (criterios, solicitud, renovación, pago, pérdida);¿Se puede el sistema de créditos o apoyos financieros?
378;7. Financiamiento educativo (criterios, solicitud, renovación, pago, pérdida);¿En qué consiste el sistema de créditos o apoyos financieros?
379;7. Financiamiento educativo (criterios, solicitud, renovación, pago, pérdida);¿Qué sucede si el sistema de créditos o apoyos financieros?
380;7. Financiamiento educativo (criterios, solicitud, renovación, pago, pérdida);¿Por qué motivo se el sistema de créditos o apoyos financieros?
381;7. Financiamiento educativo (criterios, solicitud, renovación, pago, pérdida);¿Qué pasa si el sistema de créditos o apoyos financieros?
382;7. Financiamiento educativo (criterios, solicitud, renovación, pago, pérdida);¿Cómo puedo el sistema de créditos o apoyos financieros?
383;7. Financiamiento educativo (criterios, solicitud, renovación, pago, pérdida);¿Cuándo debo el sistema de créditos o apoyos financieros?
384;7. Financiamiento educativo (criterios, solicitud, renovación, pago, pérdida);¿Dónde se el sistema de créditos o apoyos financieros?
385;7. Financiamiento educativo (criterios, solicitud, renovación, pago, pérdida);¿Quién puede el sistema de créditos o apoyos financieros?
386;7. Financiamiento educativo (criterios, solicitud, renovación, pago, pérdida);¿Cuáles son los requisitos para el sistema de créditos o apoyos financieros?
387;7. Financiamiento educativo (criterios, solicitud, renovación, pago, pérdida);¿Se puede el sistema de créditos o apoyos financieros?
388;7. Financiamiento educativo (criterios, solicitud, renovación, pago, pérdida);¿En qué consiste el sistema de créditos o apoyos financieros?
389;7. Financiamiento educativo (criterios, solicitud, renovación, pago, pérdida);¿Qué sucede si el sistema de créditos o apoyos financieros?
390;7. Financiamiento educativo (criterios, solicitud, renovación, pago, pérdida);¿Por qué motivo se el sistema de créditos o apoyos financieros?
391;7. Financiamiento educativo (criterios, solicitud, renovación, pago, pérdida);¿Qué pasa si el sistema de créditos o apoyos financieros?
392;7. Financiamiento educativo (criterios, solicitud, renovación, pago, pérdida);¿Cómo puedo el sistema de créditos o apoyos financieros?
393;7. Financiamiento educativo (criterios, solicitud, renovación, pago, pérdida);¿Cuándo debo el sistema de créditos o apoyos financieros?
394;7. Financiamiento educativo (criterios, solicitud, renovación, pago, pérdida);¿Dónde se el sistema de créditos o apoyos financieros?
395;7. Financiamiento educativo (criterios, solicitud, renovación, pago, pérdida);¿Quién puede el sistema de créditos o apoyos financieros?
396;7. Financiamiento educativo (criterios, solicitud, renovación, pago, pérdida);¿Cuáles son los requisitos para el sistema de créditos o apoyos financieros?
397;7. Financiamiento educativo (criterios, solicitud, renovación, pago, pérdida);¿Se puede el sistema de créditos o apoyos financieros?
398;7. Financiamiento educativo (criterios, solicitud, renovación, pago, pérdida);¿En qué consiste el sistema de créditos o apoyos financieros?
399;7. Financiamiento educativo (criterios, solicitud, renovación, pago, pérdida);¿Qué sucede si el sistema de créditos o apoyos financieros?
400;7. Financiamiento educativo (criterios, solicitud, renovación, pago, pérdida);¿Por qué motivo se el sistema de créditos o apoyos financieros?
401;7. Financiamiento educativo (criterios, solicitud, renovación, pago, pérdida);¿Qué pasa si el sistema de créditos o apoyos financieros?
402;7. Financiamiento educativo (criterios, solicitud, renovación, pago, pérdida);¿Cómo puedo el sistema de créditos o apoyos financieros?
403;7. Financiamiento educativo (criterios, solicitud, renovación, pago, pérdida);¿Cuándo debo el sistema de créditos o apoyos financieros?
404;7. Financiamiento educativo (criterios, solicitud, renovación, pago, pérdida);¿Dónde se el sistema de créditos o apoyos financieros?
405;7. Financiamiento educativo (criterios, solicitud, renovación, pago, pérdida);¿Quién puede el sistema de créditos o apoyos financieros?
406;7. Financiamiento educativo (criterios, solicitud, renovación, pago, pérdida);¿Cuáles son los requisitos para el sistema de créditos o apoyos financieros?
407;7. Financiamiento educativo (criterios, solicitud, renovación, pago, pérdida);¿Se puede el sistema de créditos o apoyos financieros?
408;7. Financiamiento educativo (criterios, solicitud, renovación, pago, pérdida);¿En qué consiste el sistema de créditos o apoyos financieros?
409;7. Financiamiento educativo (criterios, solicitud, renovación, pago, pérdida);¿Qué sucede si el sistema de créditos o apoyos financieros?
410;7. Financiamiento educativo (criterios, solicitud, renovación, pago, pérdida);¿Por qué motivo se el sistema de créditos o apoyos financieros?
411;7. Financiamiento educativo (criterios, solicitud, renovación, pago, pérdida);¿Qué pasa si el sistema de créditos o apoyos financieros?
412;7. Financiamiento educativo (criterios, solicitud, renovación, pago, pérdida);¿Cómo puedo el sistema de créditos o apoyos financieros?
413;7. Financiamiento educativo (criterios, solicitud, renovación, pago, pérdida);¿Cuándo debo el sistema de créditos o apoyos financieros?
414;7. Financiamiento educativo (criterios, solicitud, renovación, pago, pérdida);¿Dónde se el sistema de créditos o apoyos financieros?
415;7. Financiamiento educativo (criterios, solicitud, renovación, pago, pérdida);¿Quién puede el sistema de créditos o apoyos financieros?
416;7. Financiamiento educativo (criterios, solicitud, renovación, pago, pérdida);¿Cuáles son los requisitos para el sistema de créditos o apoyos financieros?
417;7. Financiamiento educativo (criterios, solicitud, renovación, pago, pérdida);¿Se puede el sistema de créditos o apoyos financieros?
418;7. Financiamiento educativo (criterios, solicitud, renovación, pago, pérdida);¿En qué consiste el sistema de créditos o apoyos financieros?
419;7. Financiamiento educativo (criterios, solicitud, renovación, pago, pérdida);¿Qué sucede si el sistema de créditos o apoyos financieros?
420;7. Financiamiento educativo (criterios, solicitud, renovación, pago, pérdida);¿Por qué motivo se el sistema de créditos o apoyos financieros?
421;7. Financiamiento educativo (criterios, solicitud, renovación, pago, pérdida);¿Qué pasa si el sistema de créditos o apoyos financieros?
422;7. Financiamiento educativo (criterios, solicitud, renovación, pago, pérdida);¿Cómo puedo el sistema de créditos o apoyos financieros?
423;7. Financiamiento educativo (criterios, solicitud, renovación, pago, pérdida);¿Cuándo debo el sistema de créditos o apoyos financieros?
424;7. Financiamiento educativo (criterios, solicitud, renovación, pago, pérdida);¿Dónde se el sistema de créditos o apoyos financieros?
425;7. Financiamiento educativo (criterios, solicitud, renovación, pago, pérdida);¿Quién puede el sistema de créditos o apoyos financieros?
426;7. Financiamiento educativo (criterios, solicitud, renovación, pago, pérdida);¿Cuáles son los requisitos para el sistema de créditos o apoyos financieros?
427;7. Financiamiento educativo (criterios, solicitud, renovación, pago, pérdida);¿Se puede el sistema de créditos o apoyos financieros?
428;7. Financiamiento educativo (criterios, solicitud, renovación, pago, pérdida);¿En qué consiste el sistema de créditos o apoyos financieros?
429;7. Financiamiento educativo (criterios, solicitud, renovación, pago, pérdida);¿Qué sucede si el sistema de créditos o apoyos financieros?
430;7. Financiamiento educativo (criterios, solicitud, renovación, pago, pérdida);¿Por qué motivo se el sistema de créditos o apoyos financieros?
431;7. Financiamiento educativo (criterios, solicitud, renovación, pago, pérdida);¿Qué pasa si el sistema de créditos o apoyos financieros?
432;7. Financiamiento educativo (criterios, solicitud, renovación, pago, pérdida);¿Cómo puedo el sistema de créditos o apoyos financieros?
433;7. Financiamiento educativo (criterios, solicitud, renovación, pago, pérdida);¿Cuándo debo el sistema de créditos o apoyos financieros?
434;7. Financiamiento educativo (criterios, solicitud, renovación, pago, pérdida);¿Dónde se el sistema de créditos o apoyos financieros?
435;7. Financiamiento educativo (criterios, solicitud, renovación, pago, pérdida);¿Quién puede el sistema de créditos o apoyos financieros?
436;7. Financiamiento educativo (criterios, solicitud, renovación, pago, pérdida);¿Cuáles son los requisitos para el sistema de créditos o apoyos financieros?
437;7. Financiamiento educativo (criterios, solicitud, renovación, pago, pérdida);¿Se puede el sistema de créditos o apoyos financieros?
438;7. Financiamiento educativo (criterios, solicitud, renovación, pago, pérdida);¿En qué consiste el sistema de créditos o apoyos financieros?
439;7. Financiamiento educativo (criterios, solicitud, renovación, pago, pérdida);¿Qué sucede si el sistema de créditos o apoyos financieros?
440;7. Financiamiento educativo (criterios, solicitud, renovación, pago, pérdida);¿Por qué motivo se el sistema de créditos o apoyos financieros?
441;7. Financiamiento educativo (criterios, solicitud, renovación, pago, pérdida);¿Qué pasa si el sistema de créditos o apoyos financieros?
442;7. Financiamiento educativo (criterios, solicitud, renovación, pago, pérdida);¿Cómo puedo el sistema de créditos o apoyos financieros?
443;7. Financiamiento educativo (criterios, solicitud, renovación, pago, pérdida);¿Cuándo debo el sistema de créditos o apoyos financieros?
444;7. Financiamiento educativo (criterios, solicitud, renovación, pago, pérdida);¿Dónde se el sistema de créditos o apoyos financieros?
445;7. Financiamiento educativo (criterios, solicitud, renovación, pago, pérdida);¿Quién puede el sistema de créditos o apoyos financieros?
446;7. Financiamiento educativo (criterios, solicitud, renovación, pago, pérdida);¿Cuáles son los requisitos para el sistema de créditos o apoyos financieros?
447;7. Financiamiento educativo (criterios, solicitud, renovación, pago, pérdida);¿Se puede el sistema de créditos o apoyos financieros?
448;7. Financiamiento educativo (criterios, solicitud, renovación, pago, pérdida);¿En qué consiste el sistema de créditos o apoyos financieros?
449;7. Financiamiento educativo (criterios, solicitud, renovación, pago, pérdida);¿Qué sucede si el sistema de créditos o apoyos financieros?
450;7. Financiamiento educativo (criterios, solicitud, renovación, pago, pérdida);¿Por qué motivo se el sistema de créditos o apoyos financieros?
451;7. Financiamiento educativo (criterios, solicitud, renovación, pago, pérdida);¿Qué pasa si el sistema de créditos o apoyos financieros?
452;7. Financiamiento educativo (criterios, solicitud, renovación, pago, pérdida);¿Cómo puedo el sistema de créditos o apoyos financieros?
453;7. Financiamiento educativo (criterios, solicitud, renovación, pago, pérdida);¿Cuándo debo el sistema de créditos o apoyos financieros?
454;7. Financiamiento educativo (criterios, solicitud, renovación, pago, pérdida);¿Dónde se el sistema de créditos o apoyos financieros?
455;7. Financiamiento educativo (criterios, solicitud, renovación, pago, pérdida);¿Quién puede el sistema de créditos o apoyos financieros?
456;7. Financiamiento educativo (criterios, solicitud, renovación, pago, pérdida);¿Cuáles son los requisitos para el sistema de créditos o apoyos financieros?
457;7. Financiamiento educativo (criterios, solicitud, renovación, pago, pérdida);¿Se puede el sistema de créditos o apoyos financieros?
458;7. Financiamiento educativo (criterios, solicitud, renovación, pago, pérdida);¿En qué consiste el sistema de créditos o apoyos financieros?
459;7. Financiamiento educativo (criterios, solicitud, renovación, pago, pérdida);¿Qué sucede si el sistema de créditos o apoyos financieros?
460;7. Financiamiento educativo (criterios, solicitud, renovación, pago, pérdida);¿Por qué motivo se el sistema de créditos o apoyos financieros?
461;8. Financiamiento educativo provisional;¿Qué pasa si los apoyos financieros temporales o de emergencia?
462;8. Financiamiento educativo provisional;¿Cómo puedo los apoyos financieros temporales o de emergencia?
463;8. Financiamiento educativo provisional;¿Cuándo debo los apoyos financieros temporales o de emergencia?
464;8. Financiamiento educativo provisional;¿Dónde se los apoyos financieros temporales o de emergencia?
465;8. Financiamiento educativo provisional;¿Quién puede los apoyos financieros temporales o de emergencia?
466;8. Financiamiento educativo provisional;¿Cuáles son los requisitos para los apoyos financieros temporales o de emergencia?
467;8. Financiamiento educativo provisional;¿Se puede los apoyos financieros temporales o de emergencia?
468;8. Financiamiento educativo provisional;¿En qué consiste los apoyos financieros temporales o de emergencia?
469;8. Financiamiento educativo provisional;¿Qué sucede si los apoyos financieros temporales o de emergencia?
470;8. Financiamiento educativo provisional;¿Por qué motivo se los apoyos financieros temporales o de emergencia?
471;8. Financiamiento educativo provisional;¿Qué pasa si los apoyos financieros temporales o de emergencia?
472;8. Financiamiento educativo provisional;¿Cómo puedo los apoyos financieros temporales o de emergencia?
473;8. Financiamiento educativo provisional;¿Cuándo debo los apoyos financieros temporales o de emergencia?
474;8. Financiamiento educativo provisional;¿Dónde se los apoyos financieros temporales o de emergencia?
475;8. Financiamiento educativo provisional;¿Quién puede los apoyos financieros temporales o de emergencia?
476;8. Financiamiento educativo provisional;¿Cuáles son los requisitos para los apoyos financieros temporales o de emergencia?
477;8. Financiamiento educativo provisional;¿Se puede los apoyos financieros temporales o de emergencia?
478;8. Financiamiento educativo provisional;¿En qué consiste los apoyos financieros temporales o de emergencia?
479;8. Financiamiento educativo provisional;¿Qué sucede si los apoyos financieros temporales o de emergencia?
480;8. Financiamiento educativo provisional;¿Por qué motivo se los apoyos financieros temporales o de emergencia?
481;8. Financiamiento educativo provisional;¿Qué pasa si los apoyos financieros temporales o de emergencia?
482;8. Financiamiento educativo provisional;¿Cómo puedo los apoyos financieros temporales o de emergencia?
483;8. Financiamiento educativo provisional;¿Cuándo debo los apoyos financieros temporales o de emergencia?
484;8. Financiamiento educativo provisional;¿Dónde se los apoyos financieros temporales o de emergencia?
485;8. Financiamiento educativo provisional;¿Quién puede los apoyos financieros temporales o de emergencia?
486;8. Financiamiento educativo provisional;¿Cuáles son los requisitos para los apoyos financieros temporales o de emergencia?
487;8. Financiamiento educativo provisional;¿Se puede los apoyos financieros temporales o de emergencia?
488;8. Financiamiento educativo provisional;¿En qué consiste los apoyos financieros temporales o de emergencia?
489;8. Financiamiento educativo provisional;¿Qué sucede si los apoyos financieros temporales o de emergencia?
490;8. Financiamiento educativo provisional;¿Por qué motivo se los apoyos financieros temporales o de emergencia?
491;8. Financiamiento educativo provisional;¿Qué pasa si los apoyos financieros temporales o de emergencia?
492;8. Financiamiento educativo provisional;¿Cómo puedo los apoyos financieros temporales o de emergencia?
493;8. Financiamiento educativo provisional;¿Cuándo debo los apoyos financieros temporales o de emergencia?
494;8. Financiamiento educativo provisional;¿Dónde se los apoyos financieros temporales o de emergencia?
495;8. Financiamiento educativo provisional;¿Quién puede los apoyos financieros temporales o de emergencia?
496;8. Financiamiento educativo provisional;¿Cuáles son los requisitos para los apoyos financieros temporales o de emergencia?
497;8. Financiamiento educativo provisional;¿Se puede los apoyos financieros temporales o de emergencia?
498;8. Financiamiento educativo provisional;¿En qué consiste los apoyos financieros temporales o de emergencia?
499;8. Financiamiento educativo provisional;¿Qué sucede si los apoyos financieros temporales o de emergencia?
500;8. Financiamiento educativo provisional;¿Por qué motivo se los apoyos financieros temporales o de emergencia?
501;5. Transferencia y movilidad con beca o financiamiento;¿Qué pasa si las becas en caso de cambiar de campus o sede según el reglamento?
502;5. Transferencia y movilidad con beca o financiamiento;¿Quién puede las becas en caso de cambiar de campus o sede si aplica?
503;4. Pérdida y recuperación de la beca;¿Cómo puedo las causas de suspensión o pérdida y cómo podría recuperarla según el reglamento?
504;6. Comité de becas y financiamiento educativo;¿Cómo puedo el comité encargado de evaluar solicitudes en mi caso?
505;4. Pérdida y recuperación de la beca;¿Se puede las causas de suspensión o pérdida y cómo podría recuperarla en mi caso?
506;3. Conservación de la beca;¿Cuándo debo las condiciones para mantener el beneficio según el reglamento?
507;7. Financiamiento educativo (criterios, solicitud, renovación, pago, pérdida);¿Qué pasa si el sistema de créditos o apoyos financieros actualmente?
508;7. Financiamiento educativo (criterios, solicitud, renovación, pago, pérdida);¿Se puede el sistema de créditos o apoyos financieros si aplica?
509;5. Transferencia y movilidad con beca o financiamiento;¿Se puede las becas en caso de cambiar de campus o sede según el reglamento?
510;7. Financiamiento educativo (criterios, solicitud, renovación, pago, pérdida);¿Qué sucede si el sistema de créditos o apoyos financieros actualmente?
511;6. Comité de becas y financiamiento educativo;¿Cuáles son los requisitos para el comité encargado de evaluar solicitudes actualmente?
512;7. Financiamiento educativo (criterios, solicitud, renovación, pago, pérdida);¿Se puede el sistema de créditos o apoyos financieros en mi caso?
513;3. Conservación de la beca;¿Cuándo debo las condiciones para mantener el beneficio en mi caso?
514;3. Conservación de la beca;¿Dónde se las condiciones para mantener el beneficio si aplica?
515;4. Pérdida y recuperación de la beca;¿Por cuál motivo se las causas de suspensión o pérdida y cómo recuperarla?
516;6. Comité de becas y financiamiento educativo;¿Dónde se el comité encargado de evaluar solicitudes actualmente?
517;3. Conservación de la beca;¿Cuáles son los requisitos para las condiciones para mantener el beneficio?
518;8. Financiamiento educativo provisional;¿En cuál consiste los apoyos financieros temporales o de emergencia?
519;2. Petición y otorgamiento de beca;¿Qué sucede si el proceso para solicitar y obtener una beca actualmente?
520;4. Pérdida y recuperación de la beca;¿Dónde se las causas de suspensión o pérdida y de qué manera recuperarla en mi caso?
521;6. Comité de becas y financiamiento educativo;¿Por qué tipo de motivo se el comité encargado de evaluar solicitudes según el reglamento?
522;2. Petición y otorgamiento de beca;¿Qué pasa si el proceso para solicitar y obtener una beca actualmente?
523;2. Petición y otorgamiento de beca;¿Se puede el proceso para solicitar y obtener una beca en mi caso?
524;2. Petición y otorgamiento de beca;¿Cómo puedo el proceso para solicitar y obtener una beca según el reglamento?
525;5. Transferencia y movilidad con beca o financiamiento;¿En qué tipo de consiste las becas en caso de cambiar de campus o sede?
526;7. Financiamiento educativo (criterios, solicitud, renovación, pago, pérdida);¿Quién puede el sistema de créditos o apoyos financieros si aplica?
527;1. Criterios generales sobre becas;¿Cuándo debo los criterios y tipos de becas disponibles actualmente?
528;7. Financiamiento educativo (criterios, solicitud, renovación, pago, pérdida);¿Dónde se el sistema de créditos o apoyos financieros en mi caso?
529;4. Pérdida y recuperación de la beca;¿Qué sucede si las causas de suspensión o pérdida y cómo recuperarla actualmente?
530;4. Pérdida y recuperación de la beca;¿Quién puede las causas de suspensión o pérdida y de qué forma recuperarla si aplica?
531;1. Criterios generales sobre becas;¿Cómo puedo los criterios y tipos de becas disponibles según el reglamento?
532;6. Comité de becas y financiamiento educativo;¿Cuándo debo el comité encargado de evaluar solicitudes si aplica?
533;2. Petición y otorgamiento de beca;¿Qué sucede si el proceso para solicitar y obtener una beca actualmente?
534;6. Comité de becas y financiamiento educativo;¿En cuál consiste el comité encargado de evaluar solicitudes según el reglamento?
535;4. Pérdida y recuperación de la beca;¿Dónde se las causas de suspensión o pérdida y cómo podría recuperarla actualmente?
536;3. Conservación de la beca;¿Por qué clase de motivo se las condiciones para mantener el beneficio en mi caso?
537;5. Transferencia y movilidad con beca o financiamiento;¿Qué pasa si las becas en caso de cambiar de campus o sede en mi caso?
538;4. Pérdida y recuperación de la beca;¿Se puede las causas de suspensión o pérdida y cómo podría recuperarla si aplica?
539;8. Financiamiento educativo provisional;¿Quién puede los apoyos financieros temporales o de emergencia?
540;5. Transferencia y movilidad con beca o financiamiento;¿Cuáles son los requisitos para las becas en caso de cambiar de campus o sede si aplica?
541;5. Transferencia y movilidad con beca o financiamiento;¿Dónde se las becas en caso de cambiar de campus o sede?
542;2. Petición y otorgamiento de beca;¿Qué pasa si el proceso para solicitar y obtener una beca si aplica?
543;4. Pérdida y recuperación de la beca;¿Quién puede las causas de suspensión o pérdida y cómo podría recuperarla si aplica?
544;7. Financiamiento educativo (criterios, solicitud, renovación, pago, pérdida);¿Dónde se el sistema de créditos o apoyos financieros según el reglamento?
545;4. Pérdida y recuperación de la beca;¿Cuáles son los requisitos para las causas de suspensión o pérdida y de qué forma recuperarla si aplica?
546;3. Conservación de la beca;¿Cómo puedo las condiciones para mantener el beneficio en mi caso?
547;6. Comité de becas y financiamiento educativo;¿En cuál consiste el comité encargado de evaluar solicitudes si aplica?
548;4. Pérdida y recuperación de la beca;¿Cómo puedo las causas de suspensión o pérdida y cómo podría recuperarla?
549;7. Financiamiento educativo (criterios, solicitud, renovación, pago, pérdida);¿Por cuál motivo se el sistema de créditos o apoyos financieros según el reglamento?
550;1. Criterios generales sobre becas;¿Por cuál motivo se los criterios y tipos de becas disponibles en mi caso?
551;2. Petición y otorgamiento de beca;¿Quién puede el proceso para solicitar y obtener una beca?
552;2. Petición y otorgamiento de beca;¿Qué sucede si el proceso para solicitar y obtener una beca actualmente?
553;2. Petición y otorgamiento de beca;¿Se puede el proceso para solicitar y obtener una beca según el reglamento?
554;2. Petición y otorgamiento de beca;¿Qué sucede si el proceso para solicitar y obtener una beca?
555;4. Pérdida y recuperación de la beca;¿Dónde se las causas de suspensión o pérdida y de qué manera recuperarla en mi caso?
556;7. Financiamiento educativo (criterios, solicitud, renovación, pago, pérdida);¿Cuáles son los requisitos para el sistema de créditos o apoyos financieros en mi caso?
557;7. Financiamiento educativo (criterios, solicitud, renovación, pago, pérdida);¿En qué clase de consiste el sistema de créditos o apoyos financieros?
558;6. Comité de becas y financiamiento educativo;¿Cuáles son los requisitos para el comité encargado de evaluar solicitudes si aplica?
559;1. Criterios generales sobre becas;¿Cuándo debo los criterios y tipos de becas disponibles en mi caso?
560;1. Criterios generales sobre becas;¿Dónde se los criterios y tipos de becas disponibles?
561;6. Comité de becas y financiamiento educativo;¿Se puede el comité encargado de evaluar solicitudes en mi caso?
562;3. Conservación de la beca;¿Dónde se las condiciones para mantener el beneficio según el reglamento?
563;7. Financiamiento educativo (criterios, solicitud, renovación, pago, pérdida);¿Quién puede el sistema de créditos o apoyos financieros actualmente?
564;2. Petición y otorgamiento de beca;¿Qué sucede si el proceso para solicitar y obtener una beca actualmente?
565;1. Criterios generales sobre becas;¿En qué tipo de consiste los criterios y tipos de becas disponibles según el reglamento?
566;1. Criterios generales sobre becas;¿Cómo puedo los criterios y tipos de becas disponibles en mi caso?
567;2. Petición y otorgamiento de beca;¿Quién puede el proceso para solicitar y obtener una beca si aplica?
568;3. Conservación de la beca;¿Cuándo debo las condiciones para mantener el beneficio?
569;6. Comité de becas y financiamiento educativo;¿Dónde se el comité encargado de evaluar solicitudes actualmente?
570;5. Transferencia y movilidad con beca o financiamiento;¿Qué sucede si las becas en caso de cambiar de campus o sede actualmente?
571;4. Pérdida y recuperación de la beca;¿Quién puede las causas de suspensión o pérdida y cómo podría recuperarla actualmente?
572;2. Petición y otorgamiento de beca;¿En qué clase de consiste el proceso para solicitar y obtener una beca según el reglamento?
573;4. Pérdida y recuperación de la beca;¿Quién puede las causas de suspensión o pérdida y de qué manera recuperarla en mi caso?
574;2. Petición y otorgamiento de beca;¿Quién puede el proceso para solicitar y obtener una beca?
575;3. Conservación de la beca;¿Cuáles son los requisitos para las condiciones para mantener el beneficio si aplica?
576;5. Transferencia y movilidad con beca o financiamiento;¿Quién puede las becas en caso de cambiar de campus o sede en mi caso?
577;4. Pérdida y recuperación de la beca;¿En qué clase de consiste las causas de suspensión o pérdida y cómo recuperarla en mi caso?
578;6. Comité de becas y financiamiento educativo;¿Cómo puedo el comité encargado de evaluar solicitudes actualmente?
579;8. Financiamiento educativo provisional;¿Por cuál motivo se los apoyos financieros temporales o de emergencia?
580;4. Pérdida y recuperación de la beca;¿Qué sucede si las causas de suspensión o pérdida y cómo recuperarla actualmente?
581;4. Pérdida y recuperación de la beca;¿Se puede las causas de suspensión o pérdida y de qué manera recuperarla si aplica?
582;7. Financiamiento educativo (criterios, solicitud, renovación, pago, pérdida);¿Quién puede el sistema de créditos o apoyos financieros?
583;8. Financiamiento educativo provisional;¿Dónde se los apoyos financieros temporales o de emergencia según el reglamento?
584;2. Petición y otorgamiento de beca;¿Qué pasa si el proceso para solicitar y obtener una beca?
585;5. Transferencia y movilidad con beca o financiamiento;¿Qué sucede si las becas en caso de cambiar de campus o sede actualmente?
586;5. Transferencia y movilidad con beca o financiamiento;¿Cómo puedo las becas en caso de cambiar de campus o sede según el reglamento?
587;2. Petición y otorgamiento de beca;¿Se puede el proceso para solicitar y obtener una beca actualmente?
588;7. Financiamiento educativo (criterios, solicitud, renovación, pago, pérdida);¿Qué sucede si el sistema de créditos o apoyos financieros actualmente?
589;3. Conservación de la beca;¿Cómo puedo las condiciones para mantener el beneficio?
590;3. Conservación de la beca;¿Por qué clase de motivo se las condiciones para mantener el beneficio si aplica?
591;7. Financiamiento educativo (criterios, solicitud, renovación, pago, pérdida);¿Qué sucede si el sistema de créditos o apoyos financieros según el reglamento?
592;2. Petición y otorgamiento de beca;¿Se puede el proceso para solicitar y obtener una beca?
593;7. Financiamiento educativo (criterios, solicitud, renovación, pago, pérdida);¿Cuándo debo el sistema de créditos o apoyos financieros según el reglamento?
594;3. Conservación de la beca;¿Dónde se las condiciones para mantener el beneficio?
595;3. Conservación de la beca;¿Se puede las condiciones para mantener el beneficio en mi caso?
596;8. Financiamiento educativo provisional;¿Dónde se los apoyos financieros temporales o de emergencia si aplica?
597;8. Financiamiento educativo provisional;¿Se puede los apoyos financieros temporales o de emergencia en mi caso?
598;5. Transferencia y movilidad con beca o financiamiento;¿Cuáles son los requisitos para las becas en caso de cambiar de campus o sede según el reglamento?
599;6. Comité de becas y financiamiento educativo;¿Qué sucede si el comité encargado de evaluar solicitudes?
600;7. Financiamiento educativo (criterios, solicitud, renovación, pago, pérdida);¿Quién puede el sistema de créditos o apoyos financieros según el reglamento?
601;5. Transferencia y movilidad con beca o financiamiento;¿Se puede las becas en caso de cambiar de campus o sede?
602;1. Criterios generales sobre becas;¿Por qué tipo de motivo se los criterios y tipos de becas disponibles si aplica?
603;1. Criterios generales sobre becas;¿Qué pasa si los criterios y tipos de becas disponibles en mi caso?
604;3. Conservación de la beca;¿Cuáles son los requisitos para las condiciones para mantener el beneficio?
605;2. Petición y otorgamiento de beca;¿En cuál consiste el proceso para solicitar y obtener una beca si aplica?
606;5. Transferencia y movilidad con beca o financiamiento;¿Cuándo debo las becas en caso de cambiar de campus o sede según el reglamento?
607;1. Criterios generales sobre becas;¿Qué sucede si los criterios y tipos de becas disponibles?
608;4. Pérdida y recuperación de la beca;¿Por qué tipo de motivo se las causas de suspensión o pérdida y cómo recuperarla según el reglamento?
609;2. Petición y otorgamiento de beca;¿Quién puede el proceso para solicitar y obtener una beca actualmente?
610;1. Criterios generales sobre becas;¿Quién puede los criterios y tipos de becas disponibles en mi caso?
611;7. Financiamiento educativo (criterios, solicitud, renovación, pago, pérdida);¿Dónde se el sistema de créditos o apoyos financieros?
612;6. Comité de becas y financiamiento educativo;¿En qué tipo de consiste el comité encargado de evaluar solicitudes actualmente?
613;5. Transferencia y movilidad con beca o financiamiento;¿En cuál consiste las becas en caso de cambiar de campus o sede si aplica?
614;4. Pérdida y recuperación de la beca;¿En cuál consiste las causas de suspensión o pérdida y cómo recuperarla actualmente?
615;4. Pérdida y recuperación de la beca;¿Cuáles son los requisitos para las causas de suspensión o pérdida y cómo podría recuperarla?
616;8. Financiamiento educativo provisional;¿Por qué tipo de motivo se los apoyos financieros temporales o de emergencia?
617;2. Petición y otorgamiento de beca;¿Qué sucede si el proceso para solicitar y obtener una beca según el reglamento?
618;8. Financiamiento educativo provisional;¿Quién puede los apoyos financieros temporales o de emergencia si aplica?
619;5. Transferencia y movilidad con beca o financiamiento;¿Qué pasa si las becas en caso de cambiar de campus o sede según el reglamento?
620;7. Financiamiento educativo (criterios, solicitud, renovación, pago, pérdida);¿Quién puede el sistema de créditos o apoyos financieros?
621;8. Financiamiento educativo provisional;¿En cuál consiste los apoyos financieros temporales o de emergencia si aplica?
622;8. Financiamiento educativo provisional;¿Por qué tipo de motivo se los apoyos financieros temporales o de emergencia según el reglamento?
623;8. Financiamiento educativo provisional;¿Qué sucede si los apoyos financieros temporales o de emergencia si aplica?
624;5. Transferencia y movilidad con beca o financiamiento;¿Qué sucede si las becas en caso de cambiar de campus o sede según el reglamento?
625;3. Conservación de la beca;¿En cuál consiste las condiciones para mantener el beneficio actualmente?
626;4. Pérdida y recuperación de la beca;¿En cuál consiste las causas de suspensión o pérdida y cómo recuperarla según el reglamento?
627;6. Comité de becas y financiamiento educativo;¿Qué sucede si el comité encargado de evaluar solicitudes si aplica?
628;3. Conservación de la beca;¿Qué sucede si las condiciones para mantener el beneficio?
629;7. Financiamiento educativo (criterios, solicitud, renovación, pago, pérdida);¿Qué sucede si el sistema de créditos o apoyos financieros?
630;8. Financiamiento educativo provisional;¿Por cuál motivo se los apoyos financieros temporales o de emergencia si aplica?
631;8. Financiamiento educativo provisional;¿Se puede los apoyos financieros temporales o de emergencia?
632;7. Financiamiento educativo (criterios, solicitud, renovación, pago, pérdida);¿Qué pasa si el sistema de créditos o apoyos financieros actualmente?
633;5. Transferencia y movilidad con beca o financiamiento;¿Se puede las becas en caso de cambiar de campus o sede si aplica?
634;1. Criterios generales sobre becas;¿Qué pasa si los criterios y tipos de becas disponibles si aplica?
635;2. Petición y otorgamiento de beca;¿Cuándo debo el proceso para solicitar y obtener una beca según el reglamento?
636;4. Pérdida y recuperación de la beca;¿Dónde se las causas de suspensión o pérdida y cómo podría recuperarla actualmente?
637;1. Criterios generales sobre becas;¿Quién puede los criterios y tipos de becas disponibles si aplica?
638;8. Financiamiento educativo provisional;¿Dónde se los apoyos financieros temporales o de emergencia según el reglamento?
639;2. Petición y otorgamiento de beca;¿Cómo puedo el proceso para solicitar y obtener una beca?
640;2. Petición y otorgamiento de beca;¿Por qué tipo de motivo se el proceso para solicitar y obtener una beca?
641;5. Transferencia y movilidad con beca o financiamiento;¿Qué pasa si las becas en caso de cambiar de campus o sede en mi caso?
642;7. Financiamiento educativo (criterios, solicitud, renovación, pago, pérdida);¿Se puede el sistema de créditos o apoyos financieros actualmente?
643;1. Criterios generales sobre becas;¿Se puede los criterios y tipos de becas disponibles?
644;4. Pérdida y recuperación de la beca;¿En qué tipo de consiste las causas de suspensión o pérdida y cómo recuperarla actualmente?
645;8. Financiamiento educativo provisional;¿Se puede los apoyos financieros temporales o de emergencia si aplica?
646;6. Comité de becas y financiamiento educativo;¿En qué clase de consiste el comité encargado de evaluar solicitudes si aplica?
647;3. Conservación de la beca;¿Quién puede las condiciones para mantener el beneficio según el reglamento?
648;1. Criterios generales sobre becas;¿Cuándo debo los criterios y tipos de becas disponibles según el reglamento?
649;2. Petición y otorgamiento de beca;¿Se puede el proceso para solicitar y obtener una beca?
650;4. Pérdida y recuperación de la beca;¿Cuáles son los requisitos para las causas de suspensión o pérdida y cómo podría recuperarla en mi caso?
651;8. Financiamiento educativo provisional;¿Qué sucede si los apoyos financieros temporales o de emergencia si aplica?
652;7. Financiamiento educativo (criterios, solicitud, renovación, pago, pérdida);¿Se puede el sistema de créditos o apoyos financieros si aplica?
653;6. Comité de becas y financiamiento educativo;¿Cómo puedo el comité encargado de evaluar solicitudes?
654;8. Financiamiento educativo provisional;¿Cómo puedo los apoyos financieros temporales o de emergencia según el reglamento?
655;5. Transferencia y movilidad con beca o financiamiento;¿En qué tipo de consiste las becas en caso de cambiar de campus o sede actualmente?
656;7. Financiamiento educativo (criterios, solicitud, renovación, pago, pérdida);¿Cómo puedo el sistema de créditos o apoyos financieros si aplica?
657;3. Conservación de la beca;¿Se puede las condiciones para mantener el beneficio según el reglamento?
658;7. Financiamiento educativo (criterios, solicitud, renovación, pago, pérdida);¿Qué sucede si el sistema de créditos o apoyos financieros según el reglamento?
659;3. Conservación de la beca;¿Se puede las condiciones para mantener el beneficio?
660;2. Petición y otorgamiento de beca;¿En qué tipo de consiste el proceso para solicitar y obtener una beca en mi caso?
661;8. Financiamiento educativo provisional;¿En qué clase de consiste los apoyos financieros temporales o de emergencia?
662;7. Financiamiento educativo (criterios, solicitud, renovación, pago, pérdida);¿Quién puede el sistema de créditos o apoyos financieros?
663;3. Conservación de la beca;¿En cuál consiste las condiciones para mantener el beneficio?
664;2. Petición y otorgamiento de beca;¿Por qué clase de motivo se el proceso para solicitar y obtener una beca?
665;1. Criterios generales sobre becas;¿Qué pasa si los criterios y tipos de becas disponibles?
666;6. Comité de becas y financiamiento educativo;¿Qué pasa si el comité encargado de evaluar solicitudes en mi caso?
667;2. Petición y otorgamiento de beca;¿Se puede el proceso para solicitar y obtener una beca actualmente?
668;6. Comité de becas y financiamiento educativo;¿Dónde se el comité encargado de evaluar solicitudes según el reglamento?
669;8. Financiamiento educativo provisional;¿Quién puede los apoyos financieros temporales o de emergencia según el reglamento?
670;7. Financiamiento educativo (criterios, solicitud, renovación, pago, pérdida);¿Se puede el sistema de créditos o apoyos financieros en mi caso?
671;7. Financiamiento educativo (criterios, solicitud, renovación, pago, pérdida);¿Dónde se el sistema de créditos o apoyos financieros en mi caso?
672;1. Criterios generales sobre becas;¿Quién puede los criterios y tipos de becas disponibles?
673;8. Financiamiento educativo provisional;¿Se puede los apoyos financieros temporales o de emergencia?
674;6. Comité de becas y financiamiento educativo;¿Cómo puedo el comité encargado de evaluar solicitudes?
675;2. Petición y otorgamiento de beca;¿Cuáles son los requisitos para el proceso para solicitar y obtener una beca?
676;1. Criterios generales sobre becas;¿En qué tipo de consiste los criterios y tipos de becas disponibles?
677;2. Petición y otorgamiento de beca;¿Por qué tipo de motivo se el proceso para solicitar y obtener una beca en mi caso?
678;1. Criterios generales sobre becas;¿Dónde se los criterios y tipos de becas disponibles si aplica?
679;2. Petición y otorgamiento de beca;¿Qué sucede si el proceso para solicitar y obtener una beca actualmente?
680;2. Petición y otorgamiento de beca;¿Por qué tipo de motivo se el proceso para solicitar y obtener una beca actualmente?
681;2. Petición y otorgamiento de beca;¿Se puede el proceso para solicitar y obtener una beca según el reglamento?
682;7. Financiamiento educativo (criterios, solicitud, renovación, pago, pérdida);¿Quién puede el sistema de créditos o apoyos financieros si aplica?
683;2. Petición y otorgamiento de beca;¿Qué sucede si el proceso para solicitar y obtener una beca en mi caso?
684;6. Comité de becas y financiamiento educativo;¿Quién puede el comité encargado de evaluar solicitudes en mi caso?
685;2. Petición y otorgamiento de beca;¿Dónde se el proceso para solicitar y obtener una beca si aplica?
686;8. Financiamiento educativo provisional;¿En qué tipo de consiste los apoyos financieros temporales o de emergencia?
687;4. Pérdida y recuperación de la beca;¿Cuáles son los requisitos para las causas de suspensión o pérdida y de qué manera recuperarla si aplica?
688;1. Criterios generales sobre becas;¿En cuál consiste los criterios y tipos de becas disponibles?
689;7. Financiamiento educativo (criterios, solicitud, renovación, pago, pérdida);¿En cuál consiste el sistema de créditos o apoyos financieros en mi caso?
690;3. Conservación de la beca;¿Cómo puedo las condiciones para mantener el beneficio según el reglamento?
691;7. Financiamiento educativo (criterios, solicitud, renovación, pago, pérdida);¿Cuáles son los requisitos para el sistema de créditos o apoyos financieros según el reglamento?
692;2. Petición y otorgamiento de beca;¿Cuándo debo el proceso para solicitar y obtener una beca si aplica?
693;8. Financiamiento educativo provisional;¿Qué sucede si los apoyos financieros temporales o de emergencia actualmente?
694;7. Financiamiento educativo (criterios, solicitud, renovación, pago, pérdida);¿Se puede el sistema de créditos o apoyos financieros según el reglamento?
695;7. Financiamiento educativo (criterios, solicitud, renovación, pago, pérdida);¿Qué sucede si el sistema de créditos o apoyos financieros según el reglamento?
696;3. Conservación de la beca;¿Quién puede las condiciones para mantener el beneficio según el reglamento?
697;1. Criterios generales sobre becas;¿Dónde se los criterios y tipos de becas disponibles actualmente?
698;3. Conservación de la beca;¿Quién puede las condiciones para mantener el beneficio actualmente?
699;3. Conservación de la beca;¿Cuándo debo las condiciones para mantener el beneficio según el reglamento?
700;3. Conservación de la beca;¿Cuándo debo las condiciones para mantener el beneficio según el reglamento?
701;4. Pérdida y recuperación de la beca;¿Quién puede las causas de suspensión o pérdida y cómo podría recuperarla actualmente?
702;6. Comité de becas y financiamiento educativo;¿Qué pasa si el comité encargado de evaluar solicitudes en mi caso?
703;5. Transferencia y movilidad con beca o financiamiento;¿En cuál consiste las becas en caso de cambiar de campus o sede actualmente?
704;7. Financiamiento educativo (criterios, solicitud, renovación, pago, pérdida);¿Por cuál motivo se el sistema de créditos o apoyos financieros actualmente?
705;3. Conservación de la beca;¿Quién puede las condiciones para mantener el beneficio si aplica?
706;7. Financiamiento educativo (criterios, solicitud, renovación, pago, pérdida);¿Cómo puedo el sistema de créditos o apoyos financieros si aplica?
707;5. Transferencia y movilidad con beca o financiamiento;¿Qué sucede si las becas en caso de cambiar de campus o sede en mi caso?
708;5. Transferencia y movilidad con beca o financiamiento;¿Cuáles son los requisitos para las becas en caso de cambiar de campus o sede si aplica?
709;3. Conservación de la beca;¿Se puede las condiciones para mantener el beneficio en mi caso?
710;2. Petición y otorgamiento de beca;¿En cuál consiste el proceso para solicitar y obtener una beca en mi caso?
711;3. Conservación de la beca;¿Cómo puedo las condiciones para mantener el beneficio actualmente?
712;5. Transferencia y movilidad con beca o financiamiento;¿Cuáles son los requisitos para las becas en caso de cambiar de campus o sede actualmente?
713;5. Transferencia y movilidad con beca o financiamiento;¿Cómo puedo las becas en caso de cambiar de campus o sede en mi caso?
714;7. Financiamiento educativo (criterios, solicitud, renovación, pago, pérdida);¿Cómo puedo el sistema de créditos o apoyos financieros según el reglamento?
715;4. Pérdida y recuperación de la beca;¿Por qué tipo de motivo se las causas de suspensión o pérdida y cómo recuperarla si aplica?
716;1. Criterios generales sobre becas;¿Dónde se los criterios y tipos de becas disponibles según el reglamento?
717;1. Criterios generales sobre becas;¿Quién puede los criterios y tipos de becas disponibles según el reglamento?
718;4. Pérdida y recuperación de la beca;¿En qué tipo de consiste las causas de suspensión o pérdida y cómo recuperarla?
719;7. Financiamiento educativo (criterios, solicitud, renovación, pago, pérdida);¿Qué pasa si el sistema de créditos o apoyos financieros si aplica?
720;5. Transferencia y movilidad con beca o financiamiento;¿Cuándo debo las becas en caso de cambiar de campus o sede en mi caso?
721;4. Pérdida y recuperación de la beca;¿Quién puede las causas de suspensión o pérdida y de qué manera recuperarla según el reglamento?
722;6. Comité de becas y financiamiento educativo;¿Quién puede el comité encargado de evaluar solicitudes si aplica?
723;8. Financiamiento educativo provisional;¿Cuándo debo los apoyos financieros temporales o de emergencia si aplica?
724;2. Petición y otorgamiento de beca;¿Se puede el proceso para solicitar y obtener una beca?
725;1. Criterios generales sobre becas;¿Quién puede los criterios y tipos de becas disponibles si aplica?
726;6. Comité de becas y financiamiento educativo;¿Quién puede el comité encargado de evaluar solicitudes según el reglamento?
727;3. Conservación de la beca;¿Por qué clase de motivo se las condiciones para mantener el beneficio en mi caso?
728;4. Pérdida y recuperación de la beca;¿Por cuál motivo se las causas de suspensión o pérdida y cómo recuperarla si aplica?
729;4. Pérdida y recuperación de la beca;¿Cuáles son los requisitos para las causas de suspensión o pérdida y cómo podría recuperarla?
730;2. Petición y otorgamiento de beca;¿Qué pasa si el proceso para solicitar y obtener una beca?
731;8. Financiamiento educativo provisional;¿Cuándo debo los apoyos financieros temporales o de emergencia si aplica?
732;5. Transferencia y movilidad con beca o financiamiento;¿Cuáles son los requisitos para las becas en caso de cambiar de campus o sede en mi caso?
733;2. Petición y otorgamiento de beca;¿Cuándo debo el proceso para solicitar y obtener una beca según el reglamento?
734;8. Financiamiento educativo provisional;¿Dónde se los apoyos financieros temporales o de emergencia en mi caso?
735;3. Conservación de la beca;¿Qué sucede si las condiciones para mantener el beneficio actualmente?
736;2. Petición y otorgamiento de beca;¿Dónde se el proceso para solicitar y obtener una beca si aplica?
737;3. Conservación de la beca;¿Por cuál motivo se las condiciones para mantener el beneficio si aplica?
738;3. Conservación de la beca;¿Cómo puedo las condiciones para mantener el beneficio según el reglamento?
739;3. Conservación de la beca;¿Cuáles son los requisitos para las condiciones para mantener el beneficio según el reglamento?
740;1. Criterios generales sobre becas;¿Qué sucede si los criterios y tipos de becas disponibles actualmente?
741;7. Financiamiento educativo (criterios, solicitud, renovación, pago, pérdida);¿Dónde se el sistema de créditos o apoyos financieros si aplica?
742;1. Criterios generales sobre becas;¿Se puede los criterios y tipos de becas disponibles?
743;7. Financiamiento educativo (criterios, solicitud, renovación, pago, pérdida);¿En cuál consiste el sistema de créditos o apoyos financieros?
744;2. Petición y otorgamiento de beca;¿Cuáles son los requisitos para el proceso para solicitar y obtener una beca actualmente?
745;8. Financiamiento educativo provisional;¿Dónde se los apoyos financieros temporales o de emergencia si aplica?
746;3. Conservación de la beca;¿Qué pasa si las condiciones para mantener el beneficio si aplica?
747;7. Financiamiento educativo (criterios, solicitud, renovación, pago, pérdida);¿Cómo puedo el sistema de créditos o apoyos financieros actualmente?
748;6. Comité de becas y financiamiento educativo;¿Se puede el comité encargado de evaluar solicitudes en mi caso?
749;8. Financiamiento educativo provisional;¿Cómo puedo los apoyos financieros temporales o de emergencia actualmente?
750;5. Transferencia y movilidad con beca o financiamiento;¿Se puede las becas en caso de cambiar de campus o sede según el reglamento?
751;3. Conservación de la beca;¿Cuándo debo las condiciones para mantener el beneficio?
752;3. Conservación de la beca;¿Cómo puedo las condiciones para mantener el beneficio según el reglamento?
753;6. Comité de becas y financiamiento educativo;¿Se puede el comité encargado de evaluar solicitudes actualmente?
754;6. Comité de becas y financiamiento educativo;¿En qué clase de consiste el comité encargado de evaluar solicitudes en mi caso?
755;3. Conservación de la beca;¿Por qué clase de motivo se las condiciones para mantener el beneficio en mi caso?
756;6. Comité de becas y financiamiento educativo;¿Qué sucede si el comité encargado de evaluar solicitudes si aplica?
757;2. Petición y otorgamiento de beca;¿Cómo puedo el proceso para solicitar y obtener una beca según el reglamento?
758;1. Criterios generales sobre becas;¿Se puede los criterios y tipos de becas disponibles actualmente?
759;3. Conservación de la beca;¿En qué clase de consiste las condiciones para mantener el beneficio en mi caso?
760;7. Financiamiento educativo (criterios, solicitud, renovación, pago, pérdida);¿Dónde se el sistema de créditos o apoyos financieros si aplica?
761;1. Criterios generales sobre becas;¿Dónde se los criterios y tipos de becas disponibles?
762;1. Criterios generales sobre becas;¿En qué tipo de consiste los criterios y tipos de becas disponibles?
763;8. Financiamiento educativo provisional;¿Cuáles son los requisitos para los apoyos financieros temporales o de emergencia actualmente?
764;2. Petición y otorgamiento de beca;¿Qué sucede si el proceso para solicitar y obtener una beca?
765;4. Pérdida y recuperación de la beca;¿Por cuál motivo se las causas de suspensión o pérdida y cómo recuperarla?
766;3. Conservación de la beca;¿Qué pasa si las condiciones para mantener el beneficio actualmente?
767;3. Conservación de la beca;¿Por cuál motivo se las condiciones para mantener el beneficio si aplica?
768;3. Conservación de la beca;¿Por qué clase de motivo se las condiciones para mantener el beneficio actualmente?
769;6. Comité de becas y financiamiento educativo;¿Cómo puedo el comité encargado de evaluar solicitudes en mi caso?
770;1. Criterios generales sobre becas;¿Qué sucede si los criterios y tipos de becas disponibles si aplica?
771;5. Transferencia y movilidad con beca o financiamiento;¿Dónde se las becas en caso de cambiar de campus o sede?
772;3. Conservación de la beca;¿En qué tipo de consiste las condiciones para mantener el beneficio?
773;1. Criterios generales sobre becas;¿Cuándo debo los criterios y tipos de becas disponibles según el reglamento?
774;7. Financiamiento educativo (criterios, solicitud, renovación, pago, pérdida);¿En cuál consiste el sistema de créditos o apoyos financieros?
775;3. Conservación de la beca;¿Dónde se las condiciones para mantener el beneficio en mi caso?
776;2. Petición y otorgamiento de beca;¿En qué tipo de consiste el proceso para solicitar y obtener una beca según el reglamento?
777;8. Financiamiento educativo provisional;¿Se puede los apoyos financieros temporales o de emergencia según el reglamento?
778;4. Pérdida y recuperación de la beca;¿En qué clase de consiste las causas de suspensión o pérdida y cómo recuperarla?
779;8. Financiamiento educativo provisional;¿Cuáles son los requisitos para los apoyos financieros temporales o de emergencia en mi caso?
780;6. Comité de becas y financiamiento educativo;¿Quién puede el comité encargado de evaluar solicitudes?
781;6. Comité de becas y financiamiento educativo;¿En cuál consiste el comité encargado de evaluar solicitudes actualmente?
782;3. Conservación de la beca;¿Dónde se las condiciones para mantener el beneficio según el reglamento?
783;6. Comité de becas y financiamiento educativo;¿Dónde se el comité encargado de evaluar solicitudes en mi caso?
784;2. Petición y otorgamiento de beca;¿Dónde se el proceso para solicitar y obtener una beca en mi caso?
785;5. Transferencia y movilidad con beca o financiamiento;¿Dónde se las becas en caso de cambiar de campus o sede actualmente?
786;1. Criterios generales sobre becas;¿Cuándo debo los criterios y tipos de becas disponibles en mi caso?
787;2. Petición y otorgamiento de beca;¿Cómo puedo el proceso para solicitar y obtener una beca actualmente?
788;8. Financiamiento educativo provisional;¿Cuándo debo los apoyos financieros temporales o de emergencia según el reglamento?
789;1. Criterios generales sobre becas;¿Cuáles son los requisitos para los criterios y tipos de becas disponibles en mi caso?
790;4. Pérdida y recuperación de la beca;¿Qué pasa si las causas de suspensión o pérdida y cómo recuperarla actualmente?
791;7. Financiamiento educativo (criterios, solicitud, renovación, pago, pérdida);¿Cuáles son los requisitos para el sistema de créditos o apoyos financieros actualmente?
792;5. Transferencia y movilidad con beca o financiamiento;¿Qué pasa si las becas en caso de cambiar de campus o sede en mi caso?
793;4. Pérdida y recuperación de la beca;¿Por qué tipo de motivo se las causas de suspensión o pérdida y cómo recuperarla en mi caso?
794;3. Conservación de la beca;¿Cuándo debo las condiciones para mantener el beneficio si aplica?
795;7. Financiamiento educativo (criterios, solicitud, renovación, pago, pérdida);¿Qué sucede si el sistema de créditos o apoyos financieros según el reglamento?
796;7. Financiamiento educativo (criterios, solicitud, renovación, pago, pérdida);¿Se puede el sistema de créditos o apoyos financieros según el reglamento?
797;6. Comité de becas y financiamiento educativo;¿Se puede el comité encargado de evaluar solicitudes si aplica?
798;4. Pérdida y recuperación de la beca;¿Cuáles son los requisitos para las causas de suspensión o pérdida y cómo podría recuperarla actualmente?
799;1. Criterios generales sobre becas;¿Se puede los criterios y tipos de becas disponibles según el reglamento?
800;5. Transferencia y movilidad con beca o financiamiento;¿Se puede las becas en caso de cambiar de campus o sede actualmente?
801;6. Comité de becas y financiamiento educativo;¿Qué pasa si el comité encargado de evaluar solicitudes según el reglamento?
802;7. Financiamiento educativo (criterios, solicitud, renovación, pago, pérdida);¿Cómo puedo el sistema de créditos o apoyos financieros en mi caso?
803;7. Financiamiento educativo (criterios, solicitud, renovación, pago, pérdida);¿Se puede el sistema de créditos o apoyos financieros?
804;5. Transferencia y movilidad con beca o financiamiento;¿Cuáles son los requisitos para las becas en caso de cambiar de campus o sede?
805;4. Pérdida y recuperación de la beca;¿Cómo puedo las causas de suspensión o pérdida y de qué forma recuperarla si aplica?
806;8. Financiamiento educativo provisional;¿Qué sucede si los apoyos financieros temporales o de emergencia en mi caso?
807;4. Pérdida y recuperación de la beca;¿Cuáles son los requisitos para las causas de suspensión o pérdida y de qué manera recuperarla según el reglamento?
808;4. Pérdida y recuperación de la beca;¿Quién puede las causas de suspensión o pérdida y de qué manera recuperarla?
809;3. Conservación de la beca;¿Qué sucede si las condiciones para mantener el beneficio si aplica?
810;2. Petición y otorgamiento de beca;¿Qué sucede si el proceso para solicitar y obtener una beca según el reglamento?
811;2. Petición y otorgamiento de beca;¿Qué pasa si el proceso para solicitar y obtener una beca en mi caso?
812;1. Criterios generales sobre becas;¿Cuándo debo los criterios y tipos de becas disponibles actualmente?
813;2. Petición y otorgamiento de beca;¿Qué pasa si el proceso para solicitar y obtener una beca?
814;6. Comité de becas y financiamiento educativo;¿Cuándo debo el comité encargado de evaluar solicitudes si aplica?
815;1. Criterios generales sobre becas;¿Cómo puedo los criterios y tipos de becas disponibles en mi caso?
816;2. Petición y otorgamiento de beca;¿Se puede el proceso para solicitar y obtener una beca en mi caso?
817;4. Pérdida y recuperación de la beca;¿Cuándo debo las causas de suspensión o pérdida y de qué forma recuperarla en mi caso?
818;4. Pérdida y recuperación de la beca;¿Cómo puedo las causas de suspensión o pérdida y de qué manera recuperarla actualmente?
819;2. Petición y otorgamiento de beca;¿Cuáles son los requisitos para el proceso para solicitar y obtener una beca según el reglamento?
820;4. Pérdida y recuperación de la beca;¿Cuáles son los requisitos para las causas de suspensión o pérdida y de qué forma recuperarla actualmente?
821;8. Financiamiento educativo provisional;¿En qué clase de consiste los apoyos financieros temporales o de emergencia actualmente?
822;5. Transferencia y movilidad con beca o financiamiento;¿Por qué tipo de motivo se las becas en caso de cambiar de campus o sede según el reglamento?
823;1. Criterios generales sobre becas;¿Cómo puedo los criterios y tipos de becas disponibles si aplica?
824;2. Petición y otorgamiento de beca;¿Qué sucede si el proceso para solicitar y obtener una beca si aplica?
825;7. Financiamiento educativo (criterios, solicitud, renovación, pago, pérdida);¿Se puede el sistema de créditos o apoyos financieros actualmente?
826;7. Financiamiento educativo (criterios, solicitud, renovación, pago, pérdida);¿Se puede el sistema de créditos o apoyos financieros?
827;3. Conservación de la beca;¿Qué pasa si las condiciones para mantener el beneficio si aplica?
828;2. Petición y otorgamiento de beca;¿Qué sucede si el proceso para solicitar y obtener una beca si aplica?
829;1. Criterios generales sobre becas;¿Cuáles son los requisitos para los criterios y tipos de becas disponibles en mi caso?
830;7. Financiamiento educativo (criterios, solicitud, renovación, pago, pérdida);¿Por cuál motivo se el sistema de créditos o apoyos financieros?
831;7. Financiamiento educativo (criterios, solicitud, renovación, pago, pérdida);¿Dónde se el sistema de créditos o apoyos financieros si aplica?
832;6. Comité de becas y financiamiento educativo;¿Dónde se el comité encargado de evaluar solicitudes según el reglamento?
833;3. Conservación de la beca;¿Qué sucede si las condiciones para mantener el beneficio en mi caso?
834;7. Financiamiento educativo (criterios, solicitud, renovación, pago, pérdida);¿Por cuál motivo se el sistema de créditos o apoyos financieros según el reglamento?
835;2. Petición y otorgamiento de beca;¿Qué pasa si el proceso para solicitar y obtener una beca actualmente?
836;8. Financiamiento educativo provisional;¿Cómo puedo los apoyos financieros temporales o de emergencia según el reglamento?
837;1. Criterios generales sobre becas;¿Cuándo debo los criterios y tipos de becas disponibles según el reglamento?
838;8. Financiamiento educativo provisional;¿Quién puede los apoyos financieros temporales o de emergencia?
839;2. Petición y otorgamiento de beca;¿Dónde se el proceso para solicitar y obtener una beca en mi caso?
840;7. Financiamiento educativo (criterios, solicitud, renovación, pago, pérdida);¿Se puede el sistema de créditos o apoyos financieros?
841;6. Comité de becas y financiamiento educativo;¿Por cuál motivo se el comité encargado de evaluar solicitudes si aplica?
842;8. Financiamiento educativo provisional;¿Cuándo debo los apoyos financieros temporales o de emergencia si aplica?
843;6. Comité de becas y financiamiento educativo;¿Qué sucede si el comité encargado de evaluar solicitudes si aplica?
844;5. Transferencia y movilidad con beca o financiamiento;¿En qué tipo de consiste las becas en caso de cambiar de campus o sede si aplica?
845;6. Comité de becas y financiamiento educativo;¿Qué sucede si el comité encargado de evaluar solicitudes si aplica?
846;8. Financiamiento educativo provisional;¿Por qué clase de motivo se los apoyos financieros temporales o de emergencia si aplica?
847;4. Pérdida y recuperación de la beca;¿Cómo puedo las causas de suspensión o pérdida y de qué manera recuperarla según el reglamento?
848;6. Comité de becas y financiamiento educativo;¿Se puede el comité encargado de evaluar solicitudes en mi caso?
849;2. Petición y otorgamiento de beca;¿Por cuál motivo se el proceso para solicitar y obtener una beca si aplica?
850;7. Financiamiento educativo (criterios, solicitud, renovación, pago, pérdida);¿Cuáles son los requisitos para el sistema de créditos o apoyos financieros?
851;3. Conservación de la beca;¿Por qué tipo de motivo se las condiciones para mantener el beneficio?
852;3. Conservación de la beca;¿Cómo puedo las condiciones para mantener el beneficio?
853;7. Financiamiento educativo (criterios, solicitud, renovación, pago, pérdida);¿Dónde se el sistema de créditos o apoyos financieros si aplica?
854;1. Criterios generales sobre becas;¿Qué pasa si los criterios y tipos de becas disponibles si aplica?
855;2. Petición y otorgamiento de beca;¿Dónde se el proceso para solicitar y obtener una beca en mi caso?
856;8. Financiamiento educativo provisional;¿Por cuál motivo se los apoyos financieros temporales o de emergencia en mi caso?
857;8. Financiamiento educativo provisional;¿Qué pasa si los apoyos financieros temporales o de emergencia?
858;5. Transferencia y movilidad con beca o financiamiento;¿Se puede las becas en caso de cambiar de campus o sede?
859;4. Pérdida y recuperación de la beca;¿Se puede las causas de suspensión o pérdida y de qué forma recuperarla actualmente?
860;3. Conservación de la beca;¿Cómo puedo las condiciones para mantener el beneficio actualmente?
861;7. Financiamiento educativo (criterios, solicitud, renovación, pago, pérdida);¿Por qué clase de motivo se el sistema de créditos o apoyos financieros actualmente?
862;4. Pérdida y recuperación de la beca;¿Se puede las causas de suspensión o pérdida y cómo podría recuperarla actualmente?
863;1. Criterios generales sobre becas;¿En qué clase de consiste los criterios y tipos de becas disponibles?
864;1. Criterios generales sobre becas;¿En qué clase de consiste los criterios y tipos de becas disponibles según el reglamento?
865;8. Financiamiento educativo provisional;¿En cuál consiste los apoyos financieros temporales o de emergencia en mi caso?
866;5. Transferencia y movilidad con beca o financiamiento;¿Cuándo debo las becas en caso de cambiar de campus o sede si aplica?
867;7. Financiamiento educativo (criterios, solicitud, renovación, pago, pérdida);¿Quién puede el sistema de créditos o apoyos financieros?
868;7. Financiamiento educativo (criterios, solicitud, renovación, pago, pérdida);¿En qué clase de consiste el sistema de créditos o apoyos financieros en mi caso?
869;3. Conservación de la beca;¿Dónde se las condiciones para mantener el beneficio en mi caso?
870;5. Transferencia y movilidad con beca o financiamiento;¿Cuáles son los requisitos para las becas en caso de cambiar de campus o sede actualmente?
871;5. Transferencia y movilidad con beca o financiamiento;¿Dónde se las becas en caso de cambiar de campus o sede en mi caso?
872;7. Financiamiento educativo (criterios, solicitud, renovación, pago, pérdida);¿Qué pasa si el sistema de créditos o apoyos financieros en mi caso?
873;8. Financiamiento educativo provisional;¿Por cuál motivo se los apoyos financieros temporales o de emergencia actualmente?
874;7. Financiamiento educativo (criterios, solicitud, renovación, pago, pérdida);¿Se puede el sistema de créditos o apoyos financieros en mi caso?
875;2. Petición y otorgamiento de beca;¿Qué pasa si el proceso para solicitar y obtener una beca si aplica?
876;3. Conservación de la beca;¿Quién puede las condiciones para mantener el beneficio en mi caso?
877;1. Criterios generales sobre becas;¿Qué pasa si los criterios y tipos de becas disponibles si aplica?
878;7. Financiamiento educativo (criterios, solicitud, renovación, pago, pérdida);¿Se puede el sistema de créditos o apoyos financieros si aplica?
879;1. Criterios generales sobre becas;¿Cómo puedo los criterios y tipos de becas disponibles?
880;1. Criterios generales sobre becas;¿Cuándo debo los criterios y tipos de becas disponibles en mi caso?
881;7. Financiamiento educativo (criterios, solicitud, renovación, pago, pérdida);¿Dónde se el sistema de créditos o apoyos financieros?
882;4. Pérdida y recuperación de la beca;¿Qué sucede si las causas de suspensión o pérdida y cómo recuperarla actualmente?
883;6. Comité de becas y financiamiento educativo;¿Qué sucede si el comité encargado de evaluar solicitudes actualmente?
884;1. Criterios generales sobre becas;¿Quién puede los criterios y tipos de becas disponibles si aplica?
885;7. Financiamiento educativo (criterios, solicitud, renovación, pago, pérdida);¿En qué tipo de consiste el sistema de créditos o apoyos financieros?
886;6. Comité de becas y financiamiento educativo;¿Qué pasa si el comité encargado de evaluar solicitudes actualmente?
887;3. Conservación de la beca;¿Qué sucede si las condiciones para mantener el beneficio en mi caso?
888;2. Petición y otorgamiento de beca;¿Dónde se el proceso para solicitar y obtener una beca en mi caso?
889;2. Petición y otorgamiento de beca;¿Por cuál motivo se el proceso para solicitar y obtener una beca si aplica?
890;7. Financiamiento educativo (criterios, solicitud, renovación, pago, pérdida);¿Cuándo debo el sistema de créditos o apoyos financieros según el reglamento?
891;7. Financiamiento educativo (criterios, solicitud, renovación, pago, pérdida);¿Por qué clase de motivo se el sistema de créditos o apoyos financieros en mi caso?
892;2. Petición y otorgamiento de beca;¿Quién puede el proceso para solicitar y obtener una beca si aplica?
893;6. Comité de becas y financiamiento educativo;¿En qué tipo de consiste el comité encargado de evaluar solicitudes si aplica?
894;2. Petición y otorgamiento de beca;¿Dónde se el proceso para solicitar y obtener una beca según el reglamento?
895;4. Pérdida y recuperación de la beca;¿Cuándo debo las causas de suspensión o pérdida y cómo podría recuperarla en mi caso?
896;7. Financiamiento educativo (criterios, solicitud, renovación, pago, pérdida);¿Qué pasa si el sistema de créditos o apoyos financieros actualmente?
897;1. Criterios generales sobre becas;¿Qué sucede si los criterios y tipos de becas disponibles según el reglamento?
898;3. Conservación de la beca;¿Por qué clase de motivo se las condiciones para mantener el beneficio si aplica?
899;4. Pérdida y recuperación de la beca;¿Quién puede las causas de suspensión o pérdida y de qué manera recuperarla actualmente?
900;7. Financiamiento educativo (criterios, solicitud, renovación, pago, pérdida);¿Cómo puedo el sistema de créditos o apoyos financieros en mi caso?
901;1. Criterios generales sobre becas;¿En qué clase de consiste los criterios y tipos de becas disponibles actualmente?
902;7. Financiamiento educativo (criterios, solicitud, renovación, pago, pérdida);¿Cuándo debo el sistema de créditos o apoyos financieros en mi caso?
903;6. Comité de becas y financiamiento educativo;¿Qué sucede si el comité encargado de evaluar solicitudes?
904;7. Financiamiento educativo (criterios, solicitud, renovación, pago, pérdida);¿En cuál consiste el sistema de créditos o apoyos financieros según el reglamento?
905;6. Comité de becas y financiamiento educativo;¿Cuáles son los requisitos para el comité encargado de evaluar solicitudes en mi caso?
906;1. Criterios generales sobre becas;¿Por qué tipo de motivo se los criterios y tipos de becas disponibles?
907;7. Financiamiento educativo (criterios, solicitud, renovación, pago, pérdida);¿En cuál consiste el sistema de créditos o apoyos financieros en mi caso?
908;7. Financiamiento educativo (criterios, solicitud, renovación, pago, pérdida);¿Qué pasa si el sistema de créditos o apoyos financieros en mi caso?
909;8. Financiamiento educativo provisional;¿En cuál consiste los apoyos financieros temporales o de emergencia según el reglamento?
910;7. Financiamiento educativo (criterios, solicitud, renovación, pago, pérdida);¿Cuándo debo el sistema de créditos o apoyos financieros si aplica?
911;4. Pérdida y recuperación de la beca;¿Qué sucede si las causas de suspensión o pérdida y cómo recuperarla actualmente?
912;3. Conservación de la beca;¿Dónde se las condiciones para mantener el beneficio actualmente?
913;7. Financiamiento educativo (criterios, solicitud, renovación, pago, pérdida);¿Quién puede el sistema de créditos o apoyos financieros?
914;4. Pérdida y recuperación de la beca;¿Cómo puedo las causas de suspensión o pérdida y cómo podría recuperarla en mi caso?
915;5. Transferencia y movilidad con beca o financiamiento;¿Quién puede las becas en caso de cambiar de campus o sede si aplica?
916;1. Criterios generales sobre becas;¿Qué pasa si los criterios y tipos de becas disponibles si aplica?
917;1. Criterios generales sobre becas;¿Qué sucede si los criterios y tipos de becas disponibles si aplica?
918;3. Conservación de la beca;¿Se puede las condiciones para mantener el beneficio si aplica?
919;4. Pérdida y recuperación de la beca;¿Cuándo debo las causas de suspensión o pérdida y de qué forma recuperarla si aplica?
920;3. Conservación de la beca;¿Por qué tipo de motivo se las condiciones para mantener el beneficio en mi caso?
921;2. Petición y otorgamiento de beca;¿Qué sucede si el proceso para solicitar y obtener una beca si aplica?
922;6. Comité de becas y financiamiento educativo;¿Quién puede el comité encargado de evaluar solicitudes actualmente?
923;7. Financiamiento educativo (criterios, solicitud, renovación, pago, pérdida);¿Se puede el sistema de créditos o apoyos financieros según el reglamento?
924;8. Financiamiento educativo provisional;¿Qué pasa si los apoyos financieros temporales o de emergencia?
925;3. Conservación de la beca;¿Dónde se las condiciones para mantener el beneficio según el reglamento?
926;7. Financiamiento educativo (criterios, solicitud, renovación, pago, pérdida);¿Cuáles son los requisitos para el sistema de créditos o apoyos financieros si aplica?
927;4. Pérdida y recuperación de la beca;¿En qué tipo de consiste las causas de suspensión o pérdida y cómo recuperarla según el reglamento?
928;1. Criterios generales sobre becas;¿Cómo puedo los criterios y tipos de becas disponibles si aplica?
929;3. Conservación de la beca;¿Quién puede las condiciones para mantener el beneficio actualmente?
930;5. Transferencia y movilidad con beca o financiamiento;¿En qué tipo de consiste las becas en caso de cambiar de campus o sede actualmente?
931;2. Petición y otorgamiento de beca;¿Quién puede el proceso para solicitar y obtener una beca si aplica?
932;3. Conservación de la beca;¿Quién puede las condiciones para mantener el beneficio en mi caso?
933;2. Petición y otorgamiento de beca;¿Cómo puedo el proceso para solicitar y obtener una beca actualmente?
934;8. Financiamiento educativo provisional;¿Cuándo debo los apoyos financieros temporales o de emergencia si aplica?
935;3. Conservación de la beca;¿Cuáles son los requisitos para las condiciones para mantener el beneficio según el reglamento?
936;4. Pérdida y recuperación de la beca;¿Se puede las causas de suspensión o pérdida y cómo podría recuperarla en mi caso?
937;1. Criterios generales sobre becas;¿Dónde se los criterios y tipos de becas disponibles en mi caso?
938;6. Comité de becas y financiamiento educativo;¿En qué clase de consiste el comité encargado de evaluar solicitudes si aplica?
939;8. Financiamiento educativo provisional;¿Por cuál motivo se los apoyos financieros temporales o de emergencia en mi caso?
940;6. Comité de becas y financiamiento educativo;¿Dónde se el comité encargado de evaluar solicitudes actualmente?
941;7. Financiamiento educativo (criterios, solicitud, renovación, pago, pérdida);¿Qué pasa si el sistema de créditos o apoyos financieros en mi caso?
942;1. Criterios generales sobre becas;¿Cómo puedo los criterios y tipos de becas disponibles?
943;4. Pérdida y recuperación de la beca;¿Cuáles son los requisitos para las causas de suspensión o pérdida y de qué forma recuperarla actualmente?
944;7. Financiamiento educativo (criterios, solicitud, renovación, pago, pérdida);¿Cómo puedo el sistema de créditos o apoyos financieros actualmente?
945;8. Financiamiento educativo provisional;¿Se puede los apoyos financieros temporales o de emergencia actualmente?
946;7. Financiamiento educativo (criterios, solicitud, renovación, pago, pérdida);¿Se puede el sistema de créditos o apoyos financieros?
947;1. Criterios generales sobre becas;¿Dónde se los criterios y tipos de becas disponibles si aplica?
948;7. Financiamiento educativo (criterios, solicitud, renovación, pago, pérdida);¿En cuál consiste el sistema de créditos o apoyos financieros?
949;3. Conservación de la beca;¿Quién puede las condiciones para mantener el beneficio si aplica?
950;8. Financiamiento educativo provisional;¿En qué clase de consiste los apoyos financieros temporales o de emergencia en mi caso?
951;8. Financiamiento educativo provisional;¿Se puede los apoyos financieros temporales o de emergencia actualmente?
952;5. Transferencia y movilidad con beca o financiamiento;¿Cómo puedo las becas en caso de cambiar de campus o sede actualmente?
953;5. Transferencia y movilidad con beca o financiamiento;¿Cuáles son los requisitos para las becas en caso de cambiar de campus o sede actualmente?
954;5. Transferencia y movilidad con beca o financiamiento;¿Dónde se las becas en caso de cambiar de campus o sede si aplica?
955;3. Conservación de la beca;¿Qué sucede si las condiciones para mantener el beneficio según el reglamento?
956;6. Comité de becas y financiamiento educativo;¿Quién puede el comité encargado de evaluar solicitudes según el reglamento?
957;7. Financiamiento educativo (criterios, solicitud, renovación, pago, pérdida);¿Cuáles son los requisitos para el sistema de créditos o apoyos financieros en mi caso?
958;4. Pérdida y recuperación de la beca;¿Cuáles son los requisitos para las causas de suspensión o pérdida y de qué forma recuperarla si aplica?
959;5. Transferencia y movilidad con beca o financiamiento;¿Cómo puedo las becas en caso de cambiar de campus o sede si aplica?
960;5. Transferencia y movilidad con beca o financiamiento;¿Cuándo debo las becas en caso de cambiar de campus o sede?
961;7. Financiamiento educativo (criterios, solicitud, renovación, pago, pérdida);¿Cómo puedo el sistema de créditos o apoyos financieros actualmente?
962;5. Transferencia y movilidad con beca o financiamiento;¿Cuáles son los requisitos para las becas en caso de cambiar de campus o sede en mi caso?
963;6. Comité de becas y financiamiento educativo;¿Cómo puedo el comité encargado de evaluar solicitudes en mi caso?
964;4. Pérdida y recuperación de la beca;¿Por qué clase de motivo se las causas de suspensión o pérdida y cómo recuperarla actualmente?
965;6. Comité de becas y financiamiento educativo;¿Cuándo debo el comité encargado de evaluar solicitudes si aplica?
966;7. Financiamiento educativo (criterios, solicitud, renovación, pago, pérdida);¿Por qué tipo de motivo se el sistema de créditos o apoyos financieros según el reglamento?
967;3. Conservación de la beca;¿Cuáles son los requisitos para las condiciones para mantener el beneficio en mi caso?
968;3. Conservación de la beca;¿Quién puede las condiciones para mantener el beneficio en mi caso?
969;1. Criterios generales sobre becas;¿Qué sucede si los criterios y tipos de becas disponibles si aplica?
970;2. Petición y otorgamiento de beca;¿Qué pasa si el proceso para solicitar y obtener una beca?
971;2. Petición y otorgamiento de beca;¿Cuándo debo el proceso para solicitar y obtener una beca según el reglamento?
972;4. Pérdida y recuperación de la beca;¿Qué sucede si las causas de suspensión o pérdida y cómo recuperarla si aplica?
973;7. Financiamiento educativo (criterios, solicitud, renovación, pago, pérdida);¿Cuáles son los requisitos para el sistema de créditos o apoyos financieros si aplica?
974;1. Criterios generales sobre becas;¿Cuándo debo los criterios y tipos de becas disponibles según el reglamento?
975;7. Financiamiento educativo (criterios, solicitud, renovación, pago, pérdida);¿Qué sucede si el sistema de créditos o apoyos financieros en mi caso?
976;2. Petición y otorgamiento de beca;¿Cuándo debo el proceso para solicitar y obtener una beca?
977;5. Transferencia y movilidad con beca o financiamiento;¿Cómo puedo las becas en caso de cambiar de campus o sede si aplica?
978;7. Financiamiento educativo (criterios, solicitud, renovación, pago, pérdida);¿Cómo puedo el sistema de créditos o apoyos financieros?
979;7. Financiamiento educativo (criterios, solicitud, renovación, pago, pérdida);¿Qué pasa si el sistema de créditos o apoyos financieros en mi caso?
980;3. Conservación de la beca;¿Dónde se las condiciones para mantener el beneficio según el reglamento?
981;4. Pérdida y recuperación de la beca;¿Qué sucede si las causas de suspensión o pérdida y cómo recuperarla según el reglamento?
982;1. Criterios generales sobre becas;¿Cuándo debo los criterios y tipos de becas disponibles actualmente?
983;5. Transferencia y movilidad con beca o financiamiento;¿En qué tipo de consiste las becas en caso de cambiar de campus o sede?
984;3. Conservación de la beca;¿Se puede las condiciones para mantener el beneficio si aplica?
985;2. Petición y otorgamiento de beca;¿Qué sucede si el proceso para solicitar y obtener una beca en mi caso?
986;7. Financiamiento educativo (criterios, solicitud, renovación, pago, pérdida);¿Dónde se el sistema de créditos o apoyos financieros si aplica?
987;6. Comité de becas y financiamiento educativo;¿Dónde se el comité encargado de evaluar solicitudes si aplica?
988;7. Financiamiento educativo (criterios, solicitud, renovación, pago, pérdida);¿Quién puede el sistema de créditos o apoyos financieros actualmente?
989;8. Financiamiento educativo provisional;¿Por qué tipo de motivo se los apoyos financieros temporales o de emergencia actualmente?
990;7. Financiamiento educativo (criterios, solicitud, renovación, pago, pérdida);¿Qué sucede si el sistema de créditos o apoyos financieros si aplica?
991;7. Financiamiento educativo (criterios, solicitud, renovación, pago, pérdida);¿Quién puede el sistema de créditos o apoyos financieros si aplica?
992;7. Financiamiento educativo (criterios, solicitud, renovación, pago, pérdida);¿En cuál consiste el sistema de créditos o apoyos financieros según el reglamento?
993;8. Financiamiento educativo provisional;¿Dónde se los apoyos financieros temporales o de emergencia en mi caso?
994;4. Pérdida y recuperación de la beca;¿Quién puede las causas de suspensión o pérdida y de qué manera recuperarla según el reglamento?
995;5. Transferencia y movilidad con beca o financiamiento;¿Cuándo debo las becas en caso de cambiar de campus o sede si aplica?
996;5. Transferencia y movilidad con beca o financiamiento;¿Cómo puedo las becas en caso de cambiar de campus o sede según el reglamento?
997;4. Pérdida y recuperación de la beca;¿En qué tipo de consiste las causas de suspensión o pérdida y cómo recuperarla?
998;2. Petición y otorgamiento de beca;¿En cuál consiste el proceso para solicitar y obtener una beca?
999;3. Conservación de la beca;¿Qué sucede si las condiciones para mantener el beneficio si aplica?
1000;1. Criterios generales sobre becas;¿Se puede los criterios y tipos de becas disponibles según el reglamento?
1001;6. Comité de becas y financiamiento educativo;¿Quién puede el comité encargado de evaluar solicitudes en mi caso?
1002;2. Petición y otorgamiento de beca;¿Cuándo debo el proceso para solicitar y obtener una beca si aplica?
1003;4. Pérdida y recuperación de la beca;¿Cuándo debo las causas de suspensión o pérdida y de qué forma recuperarla si aplica?
1004;1. Criterios generales sobre becas;¿Se puede los criterios y tipos de becas disponibles si aplica?
1005;4. Pérdida y recuperación de la beca;¿Cómo puedo las causas de suspensión o pérdida y cómo podría recuperarla según el reglamento?
1006;6. Comité de becas y financiamiento educativo;¿En qué tipo de consiste el comité encargado de evaluar solicitudes en mi caso?
1007;1. Criterios generales sobre becas;¿Cuáles son los requisitos para los criterios y tipos de becas disponibles según el reglamento?
1008;2. Petición y otorgamiento de beca;¿En qué clase de consiste el proceso para solicitar y obtener una beca?
1009;2. Petición y otorgamiento de beca;¿En cuál consiste el proceso para solicitar y obtener una beca actualmente?
1010;2. Petición y otorgamiento de beca;¿Quién puede el proceso para solicitar y obtener una beca actualmente?
1011;1. Criterios generales sobre becas;¿Qué pasa si los criterios y tipos de becas disponibles actualmente?
1012;4. Pérdida y recuperación de la beca;¿Quién puede las causas de suspensión o pérdida y de qué forma recuperarla?
1013;3. Conservación de la beca;¿Cuáles son los requisitos para las condiciones para mantener el beneficio actualmente?
1014;2. Petición y otorgamiento de beca;¿Cuáles son los requisitos para el proceso para solicitar y obtener una beca?
1015;4. Pérdida y recuperación de la beca;¿Qué sucede si las causas de suspensión o pérdida y cómo recuperarla según el reglamento?
1016;2. Petición y otorgamiento de beca;¿Quién puede el proceso para solicitar y obtener una beca?
1017;1. Criterios generales sobre becas;¿Por qué tipo de motivo se los criterios y tipos de becas disponibles en mi caso?
1018;1. Criterios generales sobre becas;¿Cuáles son los requisitos para los criterios y tipos de becas disponibles si aplica?
1019;1. Criterios generales sobre becas;¿Se puede los criterios y tipos de becas disponibles actualmente?
1020;7. Financiamiento educativo (criterios, solicitud, renovación, pago, pérdida);¿Por cuál motivo se el sistema de créditos o apoyos financieros según el reglamento?
1021;4. Pérdida y recuperación de la beca;¿Qué sucede si las causas de suspensión o pérdida y cómo recuperarla?
1022;2. Petición y otorgamiento de beca;¿Por qué clase de motivo se el proceso para solicitar y obtener una beca?
1023;6. Comité de becas y financiamiento educativo;¿Se puede el comité encargado de evaluar solicitudes si aplica?
1024;4. Pérdida y recuperación de la beca;¿Cuándo debo las causas de suspensión o pérdida y cómo podría recuperarla si aplica?
1025;4. Pérdida y recuperación de la beca;¿En qué clase de consiste las causas de suspensión o pérdida y cómo recuperarla según el reglamento?
1026;2. Petición y otorgamiento de beca;¿Cuándo debo el proceso para solicitar y obtener una beca en mi caso?
1027;2. Petición y otorgamiento de beca;¿Cómo puedo el proceso para solicitar y obtener una beca si aplica?
1028;7. Financiamiento educativo (criterios, solicitud, renovación, pago, pérdida);¿Qué pasa si el sistema de créditos o apoyos financieros en mi caso?
1029;8. Financiamiento educativo provisional;¿Cuándo debo los apoyos financieros temporales o de emergencia actualmente?
1030;2. Petición y otorgamiento de beca;¿Se puede el proceso para solicitar y obtener una beca actualmente?
1031;6. Comité de becas y financiamiento educativo;¿Cómo puedo el comité encargado de evaluar solicitudes?
1032;6. Comité de becas y financiamiento educativo;¿Por cuál motivo se el comité encargado de evaluar solicitudes actualmente?
1033;6. Comité de becas y financiamiento educativo;¿Qué pasa si el comité encargado de evaluar solicitudes actualmente?
1034;2. Petición y otorgamiento de beca;¿Cuándo debo el proceso para solicitar y obtener una beca en mi caso?
1035;8. Financiamiento educativo provisional;¿Cómo puedo los apoyos financieros temporales o de emergencia según el reglamento?
1036;7. Financiamiento educativo (criterios, solicitud, renovación, pago, pérdida);¿Dónde se el sistema de créditos o apoyos financieros?
1037;7. Financiamiento educativo (criterios, solicitud, renovación, pago, pérdida);¿Por cuál motivo se el sistema de créditos o apoyos financieros según el reglamento?
1038;7. Financiamiento educativo (criterios, solicitud, renovación, pago, pérdida);¿En qué tipo de consiste el sistema de créditos o apoyos financieros actualmente?
1039;6. Comité de becas y financiamiento educativo;¿Qué pasa si el comité encargado de evaluar solicitudes?
1040;2. Petición y otorgamiento de beca;¿Cuándo debo el proceso para solicitar y obtener una beca si aplica?
1041;6. Comité de becas y financiamiento educativo;¿Quién puede el comité encargado de evaluar solicitudes si aplica?
1042;4. Pérdida y recuperación de la beca;¿Cómo puedo las causas de suspensión o pérdida y cómo podría recuperarla?
1043;3. Conservación de la beca;¿Dónde se las condiciones para mantener el beneficio según el reglamento?
1044;7. Financiamiento educativo (criterios, solicitud, renovación, pago, pérdida);¿Qué sucede si el sistema de créditos o apoyos financieros en mi caso?
1045;1. Criterios generales sobre becas;¿Cuándo debo los criterios y tipos de becas disponibles en mi caso?
1046;7. Financiamiento educativo (criterios, solicitud, renovación, pago, pérdida);¿Cuándo debo el sistema de créditos o apoyos financieros en mi caso?
1047;2. Petición y otorgamiento de beca;¿En cuál consiste el proceso para solicitar y obtener una beca?
1048;1. Criterios generales sobre becas;¿Por qué clase de motivo se los criterios y tipos de becas disponibles si aplica?
1049;7. Financiamiento educativo (criterios, solicitud, renovación, pago, pérdida);¿Qué sucede si el sistema de créditos o apoyos financieros según el reglamento?
1050;7. Financiamiento educativo (criterios, solicitud, renovación, pago, pérdida);¿Quién puede el sistema de créditos o apoyos financieros en mi caso?
1051;1. Criterios generales sobre becas;¿Se puede los criterios y tipos de becas disponibles en mi caso?
1052;5. Transferencia y movilidad con beca o financiamiento;¿Dónde se las becas en caso de cambiar de campus o sede?
1053;8. Financiamiento educativo provisional;¿En qué clase de consiste los apoyos financieros temporales o de emergencia actualmente?
1054;7. Financiamiento educativo (criterios, solicitud, renovación, pago, pérdida);¿En cuál consiste el sistema de créditos o apoyos financieros si aplica?
1055;2. Petición y otorgamiento de beca;¿En qué tipo de consiste el proceso para solicitar y obtener una beca actualmente?
1056;7. Financiamiento educativo (criterios, solicitud, renovación, pago, pérdida);¿Quién puede el sistema de créditos o apoyos financieros actualmente?
1057;5. Transferencia y movilidad con beca o financiamiento;¿Se puede las becas en caso de cambiar de campus o sede en mi caso?
1058;5. Transferencia y movilidad con beca o financiamiento;¿Se puede las becas en caso de cambiar de campus o sede según el reglamento?
1059;5. Transferencia y movilidad con beca o financiamiento;¿Dónde se las becas en caso de cambiar de campus o sede si aplica?
1060;4. Pérdida y recuperación de la beca;¿En qué clase de consiste las causas de suspensión o pérdida y cómo recuperarla según el reglamento?
1061;7. Financiamiento educativo (criterios, solicitud, renovación, pago, pérdida);¿Cuándo debo el sistema de créditos o apoyos financieros?
1062;7. Financiamiento educativo (criterios, solicitud, renovación, pago, pérdida);¿Qué pasa si el sistema de créditos o apoyos financieros en mi caso?
1063;4. Pérdida y recuperación de la beca;¿En qué tipo de consiste las causas de suspensión o pérdida y cómo recuperarla si aplica?
1064;8. Financiamiento educativo provisional;¿Quién puede los apoyos financieros temporales o de emergencia en mi caso?
1065;4. Pérdida y recuperación de la beca;¿Por qué tipo de motivo se las causas de suspensión o pérdida y cómo recuperarla actualmente?
1066;7. Financiamiento educativo (criterios, solicitud, renovación, pago, pérdida);¿Cuáles son los requisitos para el sistema de créditos o apoyos financieros según el reglamento?
1067;6. Comité de becas y financiamiento educativo;¿Cómo puedo el comité encargado de evaluar solicitudes según el reglamento?
1068;2. Petición y otorgamiento de beca;¿Por qué clase de motivo se el proceso para solicitar y obtener una beca según el reglamento?
1069;7. Financiamiento educativo (criterios, solicitud, renovación, pago, pérdida);¿Cuándo debo el sistema de créditos o apoyos financieros actualmente?
1070;1. Criterios generales sobre becas;¿Cuáles son los requisitos para los criterios y tipos de becas disponibles según el reglamento?
1071;1. Criterios generales sobre becas;¿Se puede los criterios y tipos de becas disponibles en mi caso?
1072;3. Conservación de la beca;¿Cuándo debo las condiciones para mantener el beneficio en mi caso?
1073;7. Financiamiento educativo (criterios, solicitud, renovación, pago, pérdida);¿En cuál consiste el sistema de créditos o apoyos financieros en mi caso?
1074;7. Financiamiento educativo (criterios, solicitud, renovación, pago, pérdida);¿Cómo puedo el sistema de créditos o apoyos financieros en mi caso?
1075;7. Financiamiento educativo (criterios, solicitud, renovación, pago, pérdida);¿Cómo puedo el sistema de créditos o apoyos financieros?
1076;7. Financiamiento educativo (criterios, solicitud, renovación, pago, pérdida);¿Qué sucede si el sistema de créditos o apoyos financieros según el reglamento?
1077;7. Financiamiento educativo (criterios, solicitud, renovación, pago, pérdida);¿Por qué tipo de motivo se el sistema de créditos o apoyos financieros?
1078;7. Financiamiento educativo (criterios, solicitud, renovación, pago, pérdida);¿Se puede el sistema de créditos o apoyos financieros actualmente?
1079;1. Criterios generales sobre becas;¿Qué pasa si los criterios y tipos de becas disponibles?
1080;7. Financiamiento educativo (criterios, solicitud, renovación, pago, pérdida);¿Cuáles son los requisitos para el sistema de créditos o apoyos financieros si aplica?
1081;7. Financiamiento educativo (criterios, solicitud, renovación, pago, pérdida);¿Se puede el sistema de créditos o apoyos financieros actualmente?
1082;7. Financiamiento educativo (criterios, solicitud, renovación, pago, pérdida);¿Cómo puedo el sistema de créditos o apoyos financieros actualmente?
1083;3. Conservación de la beca;¿Dónde se las condiciones para mantener el beneficio en mi caso?
1084;8. Financiamiento educativo provisional;¿Qué sucede si los apoyos financieros temporales o de emergencia?
1085;4. Pérdida y recuperación de la beca;¿Cuáles son los requisitos para las causas de suspensión o pérdida y de qué manera recuperarla actualmente?
1086;1. Criterios generales sobre becas;¿Por cuál motivo se los criterios y tipos de becas disponibles si aplica?
1087;2. Petición y otorgamiento de beca;¿Qué sucede si el proceso para solicitar y obtener una beca en mi caso?
1088;1. Criterios generales sobre becas;¿En qué clase de consiste los criterios y tipos de becas disponibles según el reglamento?
1089;2. Petición y otorgamiento de beca;¿Qué sucede si el proceso para solicitar y obtener una beca?
1090;2. Petición y otorgamiento de beca;¿Dónde se el proceso para solicitar y obtener una beca si aplica?
1091;7. Financiamiento educativo (criterios, solicitud, renovación, pago, pérdida);¿Qué sucede si el sistema de créditos o apoyos financieros según el reglamento?
1092;8. Financiamiento educativo provisional;¿Dónde se los apoyos financieros temporales o de emergencia actualmente?
1093;2. Petición y otorgamiento de beca;¿Qué sucede si el proceso para solicitar y obtener una beca en mi caso?
1094;3. Conservación de la beca;¿En cuál consiste las condiciones para mantener el beneficio actualmente?
1095;2. Petición y otorgamiento de beca;¿Cuándo debo el proceso para solicitar y obtener una beca en mi caso?
1096;3. Conservación de la beca;¿Qué sucede si las condiciones para mantener el beneficio actualmente?
1097;3. Conservación de la beca;¿En qué tipo de consiste las condiciones para mantener el beneficio según el reglamento?
1098;4. Pérdida y recuperación de la beca;¿Cómo puedo las causas de suspensión o pérdida y cómo podría recuperarla?
1099;7. Financiamiento educativo (criterios, solicitud, renovación, pago, pérdida);¿Cómo puedo el sistema de créditos o apoyos financieros actualmente?
1100;4. Pérdida y recuperación de la beca;¿Cómo puedo las causas de suspensión o pérdida y cómo podría recuperarla?
1101;5. Transferencia y movilidad con beca o financiamiento;¿Cómo puedo las becas en caso de cambiar de campus o sede en mi caso?
1102;1. Criterios generales sobre becas;¿Cómo puedo los criterios y tipos de becas disponibles actualmente?
1103;8. Financiamiento educativo provisional;¿Cuándo debo los apoyos financieros temporales o de emergencia?
1104;2. Petición y otorgamiento de beca;¿Qué pasa si el proceso para solicitar y obtener una beca actualmente?
1105;7. Financiamiento educativo (criterios, solicitud, renovación, pago, pérdida);¿Qué pasa si el sistema de créditos o apoyos financieros actualmente?
1106;7. Financiamiento educativo (criterios, solicitud, renovación, pago, pérdida);¿Qué sucede si el sistema de créditos o apoyos financieros si aplica?
1107;1. Criterios generales sobre becas;¿Qué sucede si los criterios y tipos de becas disponibles si aplica?
1108;7. Financiamiento educativo (criterios, solicitud, renovación, pago, pérdida);¿Quién puede el sistema de créditos o apoyos financieros actualmente?
1109;8. Financiamiento educativo provisional;¿Cuándo debo los apoyos financieros temporales o de emergencia según el reglamento?
1110;2. Petición y otorgamiento de beca;¿Por qué tipo de motivo se el proceso para solicitar y obtener una beca actualmente?
1111;7. Financiamiento educativo (criterios, solicitud, renovación, pago, pérdida);¿Cuándo debo el sistema de créditos o apoyos financieros según el reglamento?
1112;7. Financiamiento educativo (criterios, solicitud, renovación, pago, pérdida);¿Qué pasa si el sistema de créditos o apoyos financieros?
1113;1. Criterios generales sobre becas;¿Cómo puedo los criterios y tipos de becas disponibles en mi caso?
1114;7. Financiamiento educativo (criterios, solicitud, renovación, pago, pérdida);¿Quién puede el sistema de créditos o apoyos financieros según el reglamento?
1115;3. Conservación de la beca;¿Cómo puedo las condiciones para mantener el beneficio según el reglamento?
1116;7. Financiamiento educativo (criterios, solicitud, renovación, pago, pérdida);¿En cuál consiste el sistema de créditos o apoyos financieros según el reglamento?
1117;3. Conservación de la beca;¿Dónde se las condiciones para mantener el beneficio?
1118;2. Petición y otorgamiento de beca;¿Por cuál motivo se el proceso para solicitar y obtener una beca?
1119;3. Conservación de la beca;¿Cuándo debo las condiciones para mantener el beneficio en mi caso?
1120;1. Criterios generales sobre becas;¿Qué sucede si los criterios y tipos de becas disponibles?
1121;1. Criterios generales sobre becas;¿Cuándo debo los criterios y tipos de becas disponibles según el reglamento?
1122;6. Comité de becas y financiamiento educativo;¿Cuándo debo el comité encargado de evaluar solicitudes si aplica?
1123;4. Pérdida y recuperación de la beca;¿Cuándo debo las causas de suspensión o pérdida y de qué forma recuperarla?
1124;8. Financiamiento educativo provisional;¿Quién puede los apoyos financieros temporales o de emergencia si aplica?
1125;2. Petición y otorgamiento de beca;¿En qué clase de consiste el proceso para solicitar y obtener una beca actualmente?
1126;8. Financiamiento educativo provisional;¿Qué pasa si los apoyos financieros temporales o de emergencia actualmente?
1127;1. Criterios generales sobre becas;¿En qué clase de consiste los criterios y tipos de becas disponibles actualmente?
1128;4. Pérdida y recuperación de la beca;¿Se puede las causas de suspensión o pérdida y de qué forma recuperarla?
1129;4. Pérdida y recuperación de la beca;¿Dónde se las causas de suspensión o pérdida y de qué manera recuperarla en mi caso?
1130;5. Transferencia y movilidad con beca o financiamiento;¿Cuáles son los requisitos para las becas en caso de cambiar de campus o sede actualmente?
1131;1. Criterios generales sobre becas;¿Quién puede los criterios y tipos de becas disponibles actualmente?
1132;1. Criterios generales sobre becas;¿Quién puede los criterios y tipos de becas disponibles según el reglamento?
1133;8. Financiamiento educativo provisional;¿Cuándo debo los apoyos financieros temporales o de emergencia según el reglamento?
1134;3. Conservación de la beca;¿Qué sucede si las condiciones para mantener el beneficio?
1135;6. Comité de becas y financiamiento educativo;¿Dónde se el comité encargado de evaluar solicitudes en mi caso?
1136;2. Petición y otorgamiento de beca;¿Cuáles son los requisitos para el proceso para solicitar y obtener una beca en mi caso?
1137;7. Financiamiento educativo (criterios, solicitud, renovación, pago, pérdida);¿Cómo puedo el sistema de créditos o apoyos financieros en mi caso?
1138;4. Pérdida y recuperación de la beca;¿Se puede las causas de suspensión o pérdida y de qué forma recuperarla en mi caso?
1139;6. Comité de becas y financiamiento educativo;¿Por qué clase de motivo se el comité encargado de evaluar solicitudes según el reglamento?
1140;1. Criterios generales sobre becas;¿Cuándo debo los criterios y tipos de becas disponibles según el reglamento?
1141;4. Pérdida y recuperación de la beca;¿Qué pasa si las causas de suspensión o pérdida y cómo recuperarla según el reglamento?
1142;7. Financiamiento educativo (criterios, solicitud, renovación, pago, pérdida);¿Qué sucede si el sistema de créditos o apoyos financieros en mi caso?
1143;3. Conservación de la beca;¿En qué tipo de consiste las condiciones para mantener el beneficio si aplica?
1144;1. Criterios generales sobre becas;¿Dónde se los criterios y tipos de becas disponibles si aplica?
1145;1. Criterios generales sobre becas;¿Dónde se los criterios y tipos de becas disponibles según el reglamento?
1146;3. Conservación de la beca;¿Cómo puedo las condiciones para mantener el beneficio según el reglamento?
1147;4. Pérdida y recuperación de la beca;¿Se puede las causas de suspensión o pérdida y de qué forma recuperarla en mi caso?
1148;2. Petición y otorgamiento de beca;¿Cuándo debo el proceso para solicitar y obtener una beca?
1149;5. Transferencia y movilidad con beca o financiamiento;¿Cuáles son los requisitos para las becas en caso de cambiar de campus o sede según el reglamento?
1150;2. Petición y otorgamiento de beca;¿Quién puede el proceso para solicitar y obtener una beca en mi caso?
1151;3. Conservación de la beca;¿Se puede las condiciones para mantener el beneficio actualmente?
1152;1. Criterios generales sobre becas;¿Por qué clase de motivo se los criterios y tipos de becas disponibles?
1153;4. Pérdida y recuperación de la beca;¿Se puede las causas de suspensión o pérdida y cómo podría recuperarla?
1154;4. Pérdida y recuperación de la beca;¿Qué pasa si las causas de suspensión o pérdida y cómo recuperarla en mi caso?
1155;5. Transferencia y movilidad con beca o financiamiento;¿Cuándo debo las becas en caso de cambiar de campus o sede?
1156;8. Financiamiento educativo provisional;¿Cuándo debo los apoyos financieros temporales o de emergencia si aplica?
1157;7. Financiamiento educativo (criterios, solicitud, renovación, pago, pérdida);¿Cuáles son los requisitos para el sistema de créditos o apoyos financieros si aplica?
1158;1. Criterios generales sobre becas;¿Dónde se los criterios y tipos de becas disponibles según el reglamento?
1159;2. Petición y otorgamiento de beca;¿Cuáles son los requisitos para el proceso para solicitar y obtener una beca en mi caso?
1160;4. Pérdida y recuperación de la beca;¿En cuál consiste las causas de suspensión o pérdida y cómo recuperarla actualmente?
1161;1. Criterios generales sobre becas;¿Por cuál motivo se los criterios y tipos de becas disponibles actualmente?
1162;2. Petición y otorgamiento de beca;¿Qué pasa si el proceso para solicitar y obtener una beca actualmente?
1163;3. Conservación de la beca;¿Cómo puedo las condiciones para mantener el beneficio en mi caso?
1164;7. Financiamiento educativo (criterios, solicitud, renovación, pago, pérdida);¿Cuáles son los requisitos para el sistema de créditos o apoyos financieros?
1165;3. Conservación de la beca;¿Cómo puedo las condiciones para mantener el beneficio en mi caso?
1166;2. Petición y otorgamiento de beca;¿Dónde se el proceso para solicitar y obtener una beca actualmente?
1167;7. Financiamiento educativo (criterios, solicitud, renovación, pago, pérdida);¿Se puede el sistema de créditos o apoyos financieros?
1168;3. Conservación de la beca;¿Cómo puedo las condiciones para mantener el beneficio en mi caso?
1169;1. Criterios generales sobre becas;¿Dónde se los criterios y tipos de becas disponibles según el reglamento?
1170;1. Criterios generales sobre becas;¿Cómo puedo los criterios y tipos de becas disponibles si aplica?
1171;3. Conservación de la beca;¿Se puede las condiciones para mantener el beneficio en mi caso?
1172;7. Financiamiento educativo (criterios, solicitud, renovación, pago, pérdida);¿Cuándo debo el sistema de créditos o apoyos financieros?
1173;7. Financiamiento educativo (criterios, solicitud, renovación, pago, pérdida);¿En cuál consiste el sistema de créditos o apoyos financieros actualmente?
1174;3. Conservación de la beca;¿Cuándo debo las condiciones para mantener el beneficio?
1175;1. Criterios generales sobre becas;¿Cuándo debo los criterios y tipos de becas disponibles actualmente?
1176;7. Financiamiento educativo (criterios, solicitud, renovación, pago, pérdida);¿Quién puede el sistema de créditos o apoyos financieros?
1177;1. Criterios generales sobre becas;¿Dónde se los criterios y tipos de becas disponibles si aplica?
1178;3. Conservación de la beca;¿Quién puede las condiciones para mantener el beneficio según el reglamento?
1179;6. Comité de becas y financiamiento educativo;¿Se puede el comité encargado de evaluar solicitudes si aplica?
1180;3. Conservación de la beca;¿Qué pasa si las condiciones para mantener el beneficio según el reglamento?
1181;2. Petición y otorgamiento de beca;¿Dónde se el proceso para solicitar y obtener una beca según el reglamento?
1182;3. Conservación de la beca;¿Por qué tipo de motivo se las condiciones para mantener el beneficio en mi caso?
1183;4. Pérdida y recuperación de la beca;¿Quién puede las causas de suspensión o pérdida y de qué forma recuperarla en mi caso?
1184;2. Petición y otorgamiento de beca;¿Dónde se el proceso para solicitar y obtener una beca si aplica?
1185;2. Petición y otorgamiento de beca;¿Qué sucede si el proceso para solicitar y obtener una beca en mi caso?
1186;3. Conservación de la beca;¿Cuáles son los requisitos para las condiciones para mantener el beneficio según el reglamento?
1187;2. Petición y otorgamiento de beca;¿Cuáles son los requisitos para el proceso para solicitar y obtener una beca si aplica?
1188;8. Financiamiento educativo provisional;¿Cuáles son los requisitos para los apoyos financieros temporales o de emergencia en mi caso?
1189;8. Financiamiento educativo provisional;¿Quién puede los apoyos financieros temporales o de emergencia actualmente?
1190;7. Financiamiento educativo (criterios, solicitud, renovación, pago, pérdida);¿Cuándo debo el sistema de créditos o apoyos financieros actualmente?
1191;5. Transferencia y movilidad con beca o financiamiento;¿Cuáles son los requisitos para las becas en caso de cambiar de campus o sede en mi caso?
1192;3. Conservación de la beca;¿Cuáles son los requisitos para las condiciones para mantener el beneficio actualmente?
1193;6. Comité de becas y financiamiento educativo;¿Cuáles son los requisitos para el comité encargado de evaluar solicitudes en mi caso?
1194;4. Pérdida y recuperación de la beca;¿En qué tipo de consiste las causas de suspensión o pérdida y cómo recuperarla según el reglamento?
1195;4. Pérdida y recuperación de la beca;¿Cómo puedo las causas de suspensión o pérdida y de qué forma recuperarla si aplica?
1196;2. Petición y otorgamiento de beca;¿Se puede el proceso para solicitar y obtener una beca?
1197;4. Pérdida y recuperación de la beca;¿Quién puede las causas de suspensión o pérdida y de qué manera recuperarla en mi caso?
1198;1. Criterios generales sobre becas;¿Cuáles son los requisitos para los criterios y tipos de becas disponibles actualmente?
1199;3. Conservación de la beca;¿Qué pasa si las condiciones para mantener el beneficio?
1200;2. Petición y otorgamiento de beca;¿Por qué tipo de motivo se el proceso para solicitar y obtener una beca en mi caso?
1201;6. Comité de becas y financiamiento educativo;¿Quién puede el comité encargado de evaluar solicitudes según el reglamento?
1202;3. Conservación de la beca;¿Se puede las condiciones para mantener el beneficio actualmente?
1203;7. Financiamiento educativo (criterios, solicitud, renovación, pago, pérdida);¿Cuáles son los requisitos para el sistema de créditos o apoyos financieros en mi caso?
1204;5. Transferencia y movilidad con beca o financiamiento;¿Cuáles son los requisitos para las becas en caso de cambiar de campus o sede en mi caso?
1205;4. Pérdida y recuperación de la beca;¿En qué clase de consiste las causas de suspensión o pérdida y cómo recuperarla actualmente?
1206;4. Pérdida y recuperación de la beca;¿Por qué clase de motivo se las causas de suspensión o pérdida y cómo recuperarla según el reglamento?
1207;2. Petición y otorgamiento de beca;¿Qué pasa si el proceso para solicitar y obtener una beca en mi caso?
1208;5. Transferencia y movilidad con beca o financiamiento;¿Dónde se las becas en caso de cambiar de campus o sede?
1209;4. Pérdida y recuperación de la beca;¿Qué pasa si las causas de suspensión o pérdida y cómo recuperarla en mi caso?
1210;5. Transferencia y movilidad con beca o financiamiento;¿Qué sucede si las becas en caso de cambiar de campus o sede en mi caso?
1211;3. Conservación de la beca;¿Cómo puedo las condiciones para mantener el beneficio?
1212;8. Financiamiento educativo provisional;¿Cómo puedo los apoyos financieros temporales o de emergencia si aplica?
1213;7. Financiamiento educativo (criterios, solicitud, renovación, pago, pérdida);¿Cuándo debo el sistema de créditos o apoyos financieros?
1214;4. Pérdida y recuperación de la beca;¿Se puede las causas de suspensión o pérdida y cómo podría recuperarla?
1215;6. Comité de becas y financiamiento educativo;¿Por qué tipo de motivo se el comité encargado de evaluar solicitudes según el reglamento?
1216;5. Transferencia y movilidad con beca o financiamiento;¿Quién puede las becas en caso de cambiar de campus o sede actualmente?
1217;2. Petición y otorgamiento de beca;¿Por qué tipo de motivo se el proceso para solicitar y obtener una beca actualmente?
1218;7. Financiamiento educativo (criterios, solicitud, renovación, pago, pérdida);¿Cómo puedo el sistema de créditos o apoyos financieros según el reglamento?
1219;8. Financiamiento educativo provisional;¿Quién puede los apoyos financieros temporales o de emergencia según el reglamento?
1220;3. Conservación de la beca;¿Dónde se las condiciones para mantener el beneficio según el reglamento?
1221;7. Financiamiento educativo (criterios, solicitud, renovación, pago, pérdida);¿Quién puede el sistema de créditos o apoyos financieros si aplica?
1222;2. Petición y otorgamiento de beca;¿Cuándo debo el proceso para solicitar y obtener una beca en mi caso?
1223;3. Conservación de la beca;¿Cuáles son los requisitos para las condiciones para mantener el beneficio actualmente?
1224;1. Criterios generales sobre becas;¿Se puede los criterios y tipos de becas disponibles si aplica?
1225;5. Transferencia y movilidad con beca o financiamiento;¿Qué sucede si las becas en caso de cambiar de campus o sede?
1226;1. Criterios generales sobre becas;¿Cuándo debo los criterios y tipos de becas disponibles actualmente?
1227;7. Financiamiento educativo (criterios, solicitud, renovación, pago, pérdida);¿Qué pasa si el sistema de créditos o apoyos financieros según el reglamento?
1228;3. Conservación de la beca;¿Cómo puedo las condiciones para mantener el beneficio actualmente?
1229;3. Conservación de la beca;¿Qué pasa si las condiciones para mantener el beneficio en mi caso?
1230;5. Transferencia y movilidad con beca o financiamiento;¿Qué sucede si las becas en caso de cambiar de campus o sede en mi caso?
1231;4. Pérdida y recuperación de la beca;¿Cuándo debo las causas de suspensión o pérdida y de qué manera recuperarla en mi caso?
1232;6. Comité de becas y financiamiento educativo;¿Qué pasa si el comité encargado de evaluar solicitudes según el reglamento?
1233;6. Comité de becas y financiamiento educativo;¿Cuáles son los requisitos para el comité encargado de evaluar solicitudes actualmente?
1234;7. Financiamiento educativo (criterios, solicitud, renovación, pago, pérdida);¿Dónde se el sistema de créditos o apoyos financieros según el reglamento?
1235;3. Conservación de la beca;¿Cuáles son los requisitos para las condiciones para mantener el beneficio en mi caso?
1236;7. Financiamiento educativo (criterios, solicitud, renovación, pago, pérdida);¿En qué clase de consiste el sistema de créditos o apoyos financieros en mi caso?
1237;7. Financiamiento educativo (criterios, solicitud, renovación, pago, pérdida);¿Qué pasa si el sistema de créditos o apoyos financieros según el reglamento?
1238;1. Criterios generales sobre becas;¿Cuándo debo los criterios y tipos de becas disponibles?
1239;8. Financiamiento educativo provisional;¿Cómo puedo los apoyos financieros temporales o de emergencia según el reglamento?
1240;4. Pérdida y recuperación de la beca;¿Por cuál motivo se las causas de suspensión o pérdida y cómo recuperarla según el reglamento?
1241;2. Petición y otorgamiento de beca;¿Cómo puedo el proceso para solicitar y obtener una beca en mi caso?
1242;7. Financiamiento educativo (criterios, solicitud, renovación, pago, pérdida);¿Cómo puedo el sistema de créditos o apoyos financieros?
1243;2. Petición y otorgamiento de beca;¿Qué sucede si el proceso para solicitar y obtener una beca actualmente?
1244;7. Financiamiento educativo (criterios, solicitud, renovación, pago, pérdida);¿Qué sucede si el sistema de créditos o apoyos financieros según el reglamento?
1245;1. Criterios generales sobre becas;¿En qué clase de consiste los criterios y tipos de becas disponibles actualmente?
1246;7. Financiamiento educativo (criterios, solicitud, renovación, pago, pérdida);¿Dónde se el sistema de créditos o apoyos financieros en mi caso?
1247;7. Financiamiento educativo (criterios, solicitud, renovación, pago, pérdida);¿Cuáles son los requisitos para el sistema de créditos o apoyos financieros en mi caso?
1248;5. Transferencia y movilidad con beca o financiamiento;¿Cómo puedo las becas en caso de cambiar de campus o sede en mi caso?
1249;6. Comité de becas y financiamiento educativo;¿Quién puede el comité encargado de evaluar solicitudes si aplica?
1250;7. Financiamiento educativo (criterios, solicitud, renovación, pago, pérdida);¿Dónde se el sistema de créditos o apoyos financieros?
1251;4. Pérdida y recuperación de la beca;¿Qué sucede si las causas de suspensión o pérdida y cómo recuperarla en mi caso?
1252;3. Conservación de la beca;¿Cuáles son los requisitos para las condiciones para mantener el beneficio?
1253;2. Petición y otorgamiento de beca;¿Dónde se el proceso para solicitar y obtener una beca si aplica?
1254;5. Transferencia y movilidad con beca o financiamiento;¿En cuál consiste las becas en caso de cambiar de campus o sede?
1255;7. Financiamiento educativo (criterios, solicitud, renovación, pago, pérdida);¿Cómo puedo el sistema de créditos o apoyos financieros en mi caso?
1256;2. Petición y otorgamiento de beca;¿Se puede el proceso para solicitar y obtener una beca actualmente?
1257;7. Financiamiento educativo (criterios, solicitud, renovación, pago, pérdida);¿Cuándo debo el sistema de créditos o apoyos financieros según el reglamento?
1258;7. Financiamiento educativo (criterios, solicitud, renovación, pago, pérdida);¿Cuándo debo el sistema de créditos o apoyos financieros según el reglamento?
1259;2. Petición y otorgamiento de beca;¿Dónde se el proceso para solicitar y obtener una beca en mi caso?
1260;6. Comité de becas y financiamiento educativo;¿Se puede el comité encargado de evaluar solicitudes actualmente?
1261;8. Financiamiento educativo provisional;¿Cuándo debo los apoyos financieros temporales o de emergencia en mi caso?
1262;7. Financiamiento educativo (criterios, solicitud, renovación, pago, pérdida);¿Se puede el sistema de créditos o apoyos financieros actualmente?
1263;1. Criterios generales sobre becas;¿Por qué tipo de motivo se los criterios y tipos de becas disponibles según el reglamento?
1264;1. Criterios generales sobre becas;¿Cuáles son los requisitos para los criterios y tipos de becas disponibles en mi caso?
1265;3. Conservación de la beca;¿Quién puede las condiciones para mantener el beneficio según el reglamento?
1266;3. Conservación de la beca;¿Qué sucede si las condiciones para mantener el beneficio según el reglamento?
1267;5. Transferencia y movilidad con beca o financiamiento;¿Dónde se las becas en caso de cambiar de campus o sede en mi caso?
1268;2. Petición y otorgamiento de beca;¿Cuáles son los requisitos para el proceso para solicitar y obtener una beca en mi caso?
1269;1. Criterios generales sobre becas;¿Cuándo debo los criterios y tipos de becas disponibles según el reglamento?
1270;8. Financiamiento educativo provisional;¿Por cuál motivo se los apoyos financieros temporales o de emergencia en mi caso?
1271;5. Transferencia y movilidad con beca o financiamiento;¿Qué sucede si las becas en caso de cambiar de campus o sede en mi caso?
1272;2. Petición y otorgamiento de beca;¿Cómo puedo el proceso para solicitar y obtener una beca en mi caso?
1273;2. Petición y otorgamiento de beca;¿Dónde se el proceso para solicitar y obtener una beca según el reglamento?
1274;3. Conservación de la beca;¿Cómo puedo las condiciones para mantener el beneficio?
1275;6. Comité de becas y financiamiento educativo;¿Dónde se el comité encargado de evaluar solicitudes en mi caso?
1276;3. Conservación de la beca;¿Por qué tipo de motivo se las condiciones para mantener el beneficio en mi caso?
1277;7. Financiamiento educativo (criterios, solicitud, renovación, pago, pérdida);¿Se puede el sistema de créditos o apoyos financieros actualmente?
1278;5. Transferencia y movilidad con beca o financiamiento;¿Cuáles son los requisitos para las becas en caso de cambiar de campus o sede actualmente?
1279;7. Financiamiento educativo (criterios, solicitud, renovación, pago, pérdida);¿Cuándo debo el sistema de créditos o apoyos financieros actualmente?
1280;3. Conservación de la beca;¿En qué clase de consiste las condiciones para mantener el beneficio?
1281;1. Criterios generales sobre becas;¿Qué pasa si los criterios y tipos de becas disponibles si aplica?
1282;7. Financiamiento educativo (criterios, solicitud, renovación, pago, pérdida);¿Qué sucede si el sistema de créditos o apoyos financieros?
1283;8. Financiamiento educativo provisional;¿Cuáles son los requisitos para los apoyos financieros temporales o de emergencia en mi caso?
1284;5. Transferencia y movilidad con beca o financiamiento;¿Se puede las becas en caso de cambiar de campus o sede en mi caso?
1285;3. Conservación de la beca;¿Por qué clase de motivo se las condiciones para mantener el beneficio según el reglamento?
1286;3. Conservación de la beca;¿Qué pasa si las condiciones para mantener el beneficio en mi caso?
1287;3. Conservación de la beca;¿Cómo puedo las condiciones para mantener el beneficio si aplica?
1288;5. Transferencia y movilidad con beca o financiamiento;¿Se puede las becas en caso de cambiar de campus o sede si aplica?
1289;5. Transferencia y movilidad con beca o financiamiento;¿Dónde se las becas en caso de cambiar de campus o sede según el reglamento?
1290;8. Financiamiento educativo provisional;¿Qué sucede si los apoyos financieros temporales o de emergencia?
1291;2. Petición y otorgamiento de beca;¿Qué sucede si el proceso para solicitar y obtener una beca en mi caso?
1292;6. Comité de becas y financiamiento educativo;¿Se puede el comité encargado de evaluar solicitudes según el reglamento?
1293;8. Financiamiento educativo provisional;¿Dónde se los apoyos financieros temporales o de emergencia?
1294;7. Financiamiento educativo (criterios, solicitud, renovación, pago, pérdida);¿Qué sucede si el sistema de créditos o apoyos financieros?
1295;5. Transferencia y movilidad con beca o financiamiento;¿Qué pasa si las becas en caso de cambiar de campus o sede según el reglamento?
1296;5. Transferencia y movilidad con beca o financiamiento;¿Quién puede las becas en caso de cambiar de campus o sede si aplica?
1297;1. Criterios generales sobre becas;¿Se puede los criterios y tipos de becas disponibles en mi caso?
1298;5. Transferencia y movilidad con beca o financiamiento;¿Dónde se las becas en caso de cambiar de campus o sede actualmente?
1299;6. Comité de becas y financiamiento educativo;¿Se puede el comité encargado de evaluar solicitudes en mi caso?
1300;2. Petición y otorgamiento de beca;¿Se puede el proceso para solicitar y obtener una beca actualmente?
1301;6. Comité de becas y financiamiento educativo;¿Cómo puedo el comité encargado de evaluar solicitudes en mi caso?
1302;7. Financiamiento educativo (criterios, solicitud, renovación, pago, pérdida);¿Qué pasa si el sistema de créditos o apoyos financieros actualmente?
1303;7. Financiamiento educativo (criterios, solicitud, renovación, pago, pérdida);¿Dónde se el sistema de créditos o apoyos financieros según el reglamento?
1304;1. Criterios generales sobre becas;¿Qué sucede si los criterios y tipos de becas disponibles si aplica?
1305;8. Financiamiento educativo provisional;¿En qué tipo de consiste los apoyos financieros temporales o de emergencia?
1306;6. Comité de becas y financiamiento educativo;¿Qué pasa si el comité encargado de evaluar solicitudes actualmente?
1307;4. Pérdida y recuperación de la beca;¿Quién puede las causas de suspensión o pérdida y de qué manera recuperarla en mi caso?
1308;1. Criterios generales sobre becas;¿Cómo puedo los criterios y tipos de becas disponibles actualmente?
1309;1. Criterios generales sobre becas;¿Cuándo debo los criterios y tipos de becas disponibles según el reglamento?
1310;6. Comité de becas y financiamiento educativo;¿En qué tipo de consiste el comité encargado de evaluar solicitudes?
1311;4. Pérdida y recuperación de la beca;¿Cuándo debo las causas de suspensión o pérdida y de qué forma recuperarla?
1312;7. Financiamiento educativo (criterios, solicitud, renovación, pago, pérdida);¿Qué sucede si el sistema de créditos o apoyos financieros si aplica?
1313;1. Criterios generales sobre becas;¿Dónde se los criterios y tipos de becas disponibles?
1314;7. Financiamiento educativo (criterios, solicitud, renovación, pago, pérdida);¿Quién puede el sistema de créditos o apoyos financieros si aplica?
1315;2. Petición y otorgamiento de beca;¿Dónde se el proceso para solicitar y obtener una beca en mi caso?
1316;4. Pérdida y recuperación de la beca;¿Qué sucede si las causas de suspensión o pérdida y cómo recuperarla si aplica?
1317;8. Financiamiento educativo provisional;¿Dónde se los apoyos financieros temporales o de emergencia según el reglamento?
1318;6. Comité de becas y financiamiento educativo;¿Qué pasa si el comité encargado de evaluar solicitudes actualmente?
1319;4. Pérdida y recuperación de la beca;¿Quién puede las causas de suspensión o pérdida y de qué manera recuperarla?
1320;5. Transferencia y movilidad con beca o financiamiento;¿En qué clase de consiste las becas en caso de cambiar de campus o sede?
1321;5. Transferencia y movilidad con beca o financiamiento;¿Qué pasa si las becas en caso de cambiar de campus o sede si aplica?
1322;7. Financiamiento educativo (criterios, solicitud, renovación, pago, pérdida);¿Por qué clase de motivo se el sistema de créditos o apoyos financieros si aplica?
1323;1. Criterios generales sobre becas;¿Quién puede los criterios y tipos de becas disponibles actualmente?
1324;2. Petición y otorgamiento de beca;¿Cuándo debo el proceso para solicitar y obtener una beca si aplica?
1325;6. Comité de becas y financiamiento educativo;¿Quién puede el comité encargado de evaluar solicitudes si aplica?
1326;7. Financiamiento educativo (criterios, solicitud, renovación, pago, pérdida);¿Qué pasa si el sistema de créditos o apoyos financieros en mi caso?
1327;8. Financiamiento educativo provisional;¿Se puede los apoyos financieros temporales o de emergencia actualmente?
1328;3. Conservación de la beca;¿Quién puede las condiciones para mantener el beneficio actualmente?
1329;1. Criterios generales sobre becas;¿Cuándo debo los criterios y tipos de becas disponibles actualmente?
1330;4. Pérdida y recuperación de la beca;¿Cómo puedo las causas de suspensión o pérdida y cómo podría recuperarla actualmente?
1331;7. Financiamiento educativo (criterios, solicitud, renovación, pago, pérdida);¿Cuáles son los requisitos para el sistema de créditos o apoyos financieros?
1332;3. Conservación de la beca;¿Por qué clase de motivo se las condiciones para mantener el beneficio actualmente?
1333;3. Conservación de la beca;¿Quién puede las condiciones para mantener el beneficio actualmente?
1334;5. Transferencia y movilidad con beca o financiamiento;¿Qué pasa si las becas en caso de cambiar de campus o sede si aplica?
1335;1. Criterios generales sobre becas;¿Cuáles son los requisitos para los criterios y tipos de becas disponibles si aplica?
1336;6. Comité de becas y financiamiento educativo;¿Qué sucede si el comité encargado de evaluar solicitudes actualmente?
1337;3. Conservación de la beca;¿Por qué tipo de motivo se las condiciones para mantener el beneficio actualmente?
1338;3. Conservación de la beca;¿Qué pasa si las condiciones para mantener el beneficio?
1339;4. Pérdida y recuperación de la beca;¿En qué clase de consiste las causas de suspensión o pérdida y cómo recuperarla actualmente?
1340;8. Financiamiento educativo provisional;¿Por qué tipo de motivo se los apoyos financieros temporales o de emergencia?
1341;6. Comité de becas y financiamiento educativo;¿Cómo puedo el comité encargado de evaluar solicitudes?
1342;4. Pérdida y recuperación de la beca;¿Qué sucede si las causas de suspensión o pérdida y cómo recuperarla según el reglamento?
1343;6. Comité de becas y financiamiento educativo;¿Dónde se el comité encargado de evaluar solicitudes según el reglamento?
1344;5. Transferencia y movilidad con beca o financiamiento;¿Por qué tipo de motivo se las becas en caso de cambiar de campus o sede actualmente?
1345;2. Petición y otorgamiento de beca;¿En qué tipo de consiste el proceso para solicitar y obtener una beca en mi caso?
1346;8. Financiamiento educativo provisional;¿Cuándo debo los apoyos financieros temporales o de emergencia actualmente?
1347;7. Financiamiento educativo (criterios, solicitud, renovación, pago, pérdida);¿Por qué clase de motivo se el sistema de créditos o apoyos financieros según el reglamento?
1348;7. Financiamiento educativo (criterios, solicitud, renovación, pago, pérdida);¿Se puede el sistema de créditos o apoyos financieros en mi caso?
1349;2. Petición y otorgamiento de beca;¿Qué pasa si el proceso para solicitar y obtener una beca en mi caso?
1350;2. Petición y otorgamiento de beca;¿Qué pasa si el proceso para solicitar y obtener una beca en mi caso?
1351;6. Comité de becas y financiamiento educativo;¿Cuándo debo el comité encargado de evaluar solicitudes actualmente?
1352;2. Petición y otorgamiento de beca;¿En cuál consiste el proceso para solicitar y obtener una beca según el reglamento?
1353;6. Comité de becas y financiamiento educativo;¿En cuál consiste el comité encargado de evaluar solicitudes en mi caso?
1354;2. Petición y otorgamiento de beca;¿Se puede el proceso para solicitar y obtener una beca según el reglamento?
1355;4. Pérdida y recuperación de la beca;¿Cuándo debo las causas de suspensión o pérdida y de qué forma recuperarla actualmente?
1356;6. Comité de becas y financiamiento educativo;¿Quién puede el comité encargado de evaluar solicitudes?
1357;4. Pérdida y recuperación de la beca;¿Dónde se las causas de suspensión o pérdida y de qué manera recuperarla?
1358;8. Financiamiento educativo provisional;¿Cuáles son los requisitos para los apoyos financieros temporales o de emergencia según el reglamento?
1359;7. Financiamiento educativo (criterios, solicitud, renovación, pago, pérdida);¿Qué sucede si el sistema de créditos o apoyos financieros?
1360;7. Financiamiento educativo (criterios, solicitud, renovación, pago, pérdida);¿Qué pasa si el sistema de créditos o apoyos financieros en mi caso?
1361;1. Criterios generales sobre becas;¿Qué sucede si los criterios y tipos de becas disponibles?
1362;4. Pérdida y recuperación de la beca;¿Cuáles son los requisitos para las causas de suspensión o pérdida y de qué forma recuperarla según el reglamento?
1363;4. Pérdida y recuperación de la beca;¿Cuáles son los requisitos para las causas de suspensión o pérdida y de qué forma recuperarla actualmente?
1364;7. Financiamiento educativo (criterios, solicitud, renovación, pago, pérdida);¿Quién puede el sistema de créditos o apoyos financieros si aplica?
1365;1. Criterios generales sobre becas;¿Se puede los criterios y tipos de becas disponibles si aplica?
1366;4. Pérdida y recuperación de la beca;¿En qué clase de consiste las causas de suspensión o pérdida y cómo recuperarla si aplica?
1367;1. Criterios generales sobre becas;¿Qué sucede si los criterios y tipos de becas disponibles?
1368;5. Transferencia y movilidad con beca o financiamiento;¿Cuáles son los requisitos para las becas en caso de cambiar de campus o sede según el reglamento?
1369;8. Financiamiento educativo provisional;¿Quién puede los apoyos financieros temporales o de emergencia si aplica?
1370;6. Comité de becas y financiamiento educativo;¿Dónde se el comité encargado de evaluar solicitudes?
1371;1. Criterios generales sobre becas;¿Por qué tipo de motivo se los criterios y tipos de becas disponibles actualmente?
1372;7. Financiamiento educativo (criterios, solicitud, renovación, pago, pérdida);¿Dónde se el sistema de créditos o apoyos financieros?
1373;3. Conservación de la beca;¿Quién puede las condiciones para mantener el beneficio según el reglamento?
1374;2. Petición y otorgamiento de beca;¿Dónde se el proceso para solicitar y obtener una beca en mi caso?
1375;5. Transferencia y movilidad con beca o financiamiento;¿Qué sucede si las becas en caso de cambiar de campus o sede?
1376;2. Petición y otorgamiento de beca;¿Por qué clase de motivo se el proceso para solicitar y obtener una beca si aplica?
1377;2. Petición y otorgamiento de beca;¿Quién puede el proceso para solicitar y obtener una beca?
1378;5. Transferencia y movilidad con beca o financiamiento;¿Se puede las becas en caso de cambiar de campus o sede si aplica?
1379;5. Transferencia y movilidad con beca o financiamiento;¿Qué pasa si las becas en caso de cambiar de campus o sede?
1380;3. Conservación de la beca;¿Qué sucede si las condiciones para mantener el beneficio según el reglamento?
1381;3. Conservación de la beca;¿Cuándo debo las condiciones para mantener el beneficio actualmente?
1382;1. Criterios generales sobre becas;¿Por cuál motivo se los criterios y tipos de becas disponibles si aplica?
1383;6. Comité de becas y financiamiento educativo;¿Se puede el comité encargado de evaluar solicitudes en mi caso?
1384;1. Criterios generales sobre becas;¿Se puede los criterios y tipos de becas disponibles actualmente?
1385;7. Financiamiento educativo (criterios, solicitud, renovación, pago, pérdida);¿Qué sucede si el sistema de créditos o apoyos financieros actualmente?
1386;3. Conservación de la beca;¿Cuándo debo las condiciones para mantener el beneficio en mi caso?
1387;3. Conservación de la beca;¿Cuándo debo las condiciones para mantener el beneficio?
1388;3. Conservación de la beca;¿En cuál consiste las condiciones para mantener el beneficio en mi caso?
1389;6. Comité de becas y financiamiento educativo;¿Qué sucede si el comité encargado de evaluar solicitudes actualmente?
1390;1. Criterios generales sobre becas;¿Quién puede los criterios y tipos de becas disponibles según el reglamento?
1391;3. Conservación de la beca;¿Quién puede las condiciones para mantener el beneficio según el reglamento?
1392;2. Petición y otorgamiento de beca;¿Qué sucede si el proceso para solicitar y obtener una beca actualmente?
1393;5. Transferencia y movilidad con beca o financiamiento;¿Por qué tipo de motivo se las becas en caso de cambiar de campus o sede si aplica?
1394;3. Conservación de la beca;¿Se puede las condiciones para mantener el beneficio?
1395;7. Financiamiento educativo (criterios, solicitud, renovación, pago, pérdida);¿En cuál consiste el sistema de créditos o apoyos financieros?
1396;4. Pérdida y recuperación de la beca;¿Cómo puedo las causas de suspensión o pérdida y cómo podría recuperarla si aplica?
1397;7. Financiamiento educativo (criterios, solicitud, renovación, pago, pérdida);¿Se puede el sistema de créditos o apoyos financieros según el reglamento?
1398;5. Transferencia y movilidad con beca o financiamiento;¿Qué pasa si las becas en caso de cambiar de campus o sede si aplica?
1399;7. Financiamiento educativo (criterios, solicitud, renovación, pago, pérdida);¿Cuáles son los requisitos para el sistema de créditos o apoyos financieros en mi caso?
1400;7. Financiamiento educativo (criterios, solicitud, renovación, pago, pérdida);¿Qué pasa si el sistema de créditos o apoyos financieros actualmente?
1401;4. Pérdida y recuperación de la beca;¿Cuándo debo las causas de suspensión o pérdida y de qué manera recuperarla actualmente?
1402;2. Petición y otorgamiento de beca;¿Quién puede el proceso para solicitar y obtener una beca?
1403;3. Conservación de la beca;¿Qué sucede si las condiciones para mantener el beneficio en mi caso?
1404;8. Financiamiento educativo provisional;¿Se puede los apoyos financieros temporales o de emergencia según el reglamento?
1405;8. Financiamiento educativo provisional;¿Cuáles son los requisitos para los apoyos financieros temporales o de emergencia si aplica?
1406;3. Conservación de la beca;¿Qué pasa si las condiciones para mantener el beneficio en mi caso?
1407;8. Financiamiento educativo provisional;¿Dónde se los apoyos financieros temporales o de emergencia si aplica?
1408;4. Pérdida y recuperación de la beca;¿Qué pasa si las causas de suspensión o pérdida y cómo recuperarla en mi caso?
1409;5. Transferencia y movilidad con beca o financiamiento;¿Dónde se las becas en caso de cambiar de campus o sede si aplica?
1410;8. Financiamiento educativo provisional;¿Se puede los apoyos financieros temporales o de emergencia?
1411;3. Conservación de la beca;¿Dónde se las condiciones para mantener el beneficio si aplica?
1412;1. Criterios generales sobre becas;¿Cuáles son los requisitos para los criterios y tipos de becas disponibles actualmente?
1413;3. Conservación de la beca;¿Qué pasa si las condiciones para mantener el beneficio si aplica?
1414;3. Conservación de la beca;¿Se puede las condiciones para mantener el beneficio según el reglamento?
1415;4. Pérdida y recuperación de la beca;¿Qué sucede si las causas de suspensión o pérdida y cómo recuperarla actualmente?
1416;8. Financiamiento educativo provisional;¿Por qué tipo de motivo se los apoyos financieros temporales o de emergencia si aplica?
1417;4. Pérdida y recuperación de la beca;¿Dónde se las causas de suspensión o pérdida y de qué forma recuperarla actualmente?
1418;6. Comité de becas y financiamiento educativo;¿En qué clase de consiste el comité encargado de evaluar solicitudes actualmente?
1419;7. Financiamiento educativo (criterios, solicitud, renovación, pago, pérdida);¿Quién puede el sistema de créditos o apoyos financieros si aplica?
1420;4. Pérdida y recuperación de la beca;¿Por cuál motivo se las causas de suspensión o pérdida y cómo recuperarla actualmente?
1421;7. Financiamiento educativo (criterios, solicitud, renovación, pago, pérdida);¿Por qué tipo de motivo se el sistema de créditos o apoyos financieros en mi caso?
1422;6. Comité de becas y financiamiento educativo;¿Quién puede el comité encargado de evaluar solicitudes actualmente?
1423;5. Transferencia y movilidad con beca o financiamiento;¿Por cuál motivo se las becas en caso de cambiar de campus o sede?
1424;7. Financiamiento educativo (criterios, solicitud, renovación, pago, pérdida);¿En qué tipo de consiste el sistema de créditos o apoyos financieros actualmente?
1425;2. Petición y otorgamiento de beca;¿Cuáles son los requisitos para el proceso para solicitar y obtener una beca?
1426;7. Financiamiento educativo (criterios, solicitud, renovación, pago, pérdida);¿Quién puede el sistema de créditos o apoyos financieros según el reglamento?
1427;1. Criterios generales sobre becas;¿Dónde se los criterios y tipos de becas disponibles?
1428;1. Criterios generales sobre becas;¿Cómo puedo los criterios y tipos de becas disponibles si aplica?
1429;1. Criterios generales sobre becas;¿Cuándo debo los criterios y tipos de becas disponibles si aplica?
1430;1. Criterios generales sobre becas;¿Quién puede los criterios y tipos de becas disponibles en mi caso?
1431;5. Transferencia y movilidad con beca o financiamiento;¿Quién puede las becas en caso de cambiar de campus o sede en mi caso?
1432;8. Financiamiento educativo provisional;¿Quién puede los apoyos financieros temporales o de emergencia si aplica?
1433;7. Financiamiento educativo (criterios, solicitud, renovación, pago, pérdida);¿Qué pasa si el sistema de créditos o apoyos financieros si aplica?
1434;4. Pérdida y recuperación de la beca;¿Dónde se las causas de suspensión o pérdida y de qué manera recuperarla en mi caso?
1435;3. Conservación de la beca;¿Cuándo debo las condiciones para mantener el beneficio?
1436;8. Financiamiento educativo provisional;¿En qué clase de consiste los apoyos financieros temporales o de emergencia según el reglamento?
1437;3. Conservación de la beca;¿Cómo puedo las condiciones para mantener el beneficio en mi caso?
1438;1. Criterios generales sobre becas;¿Cuáles son los requisitos para los criterios y tipos de becas disponibles actualmente?
1439;4. Pérdida y recuperación de la beca;¿En cuál consiste las causas de suspensión o pérdida y cómo recuperarla?
1440;3. Conservación de la beca;¿Qué sucede si las condiciones para mantener el beneficio si aplica?
1441;8. Financiamiento educativo provisional;¿Qué pasa si los apoyos financieros temporales o de emergencia según el reglamento?
1442;7. Financiamiento educativo (criterios, solicitud, renovación, pago, pérdida);¿Qué sucede si el sistema de créditos o apoyos financieros?
1443;6. Comité de becas y financiamiento educativo;¿Cuáles son los requisitos para el comité encargado de evaluar solicitudes si aplica?
1444;1. Criterios generales sobre becas;¿Por qué tipo de motivo se los criterios y tipos de becas disponibles actualmente?
1445;7. Financiamiento educativo (criterios, solicitud, renovación, pago, pérdida);¿Quién puede el sistema de créditos o apoyos financieros según el reglamento?
1446;1. Criterios generales sobre becas;¿Se puede los criterios y tipos de becas disponibles si aplica?
1447;8. Financiamiento educativo provisional;¿Cómo puedo los apoyos financieros temporales o de emergencia en mi caso?
1448;4. Pérdida y recuperación de la beca;¿Cuáles son los requisitos para las causas de suspensión o pérdida y de qué forma recuperarla en mi caso?
1449;7. Financiamiento educativo (criterios, solicitud, renovación, pago, pérdida);¿En qué tipo de consiste el sistema de créditos o apoyos financieros en mi caso?
1450;7. Financiamiento educativo (criterios, solicitud, renovación, pago, pérdida);¿Se puede el sistema de créditos o apoyos financieros según el reglamento?
1451;1. Criterios generales sobre becas;¿Qué sucede si los criterios y tipos de becas disponibles según el reglamento?
1452;5. Transferencia y movilidad con beca o financiamiento;¿Cuándo debo las becas en caso de cambiar de campus o sede si aplica?
1453;6. Comité de becas y financiamiento educativo;¿Quién puede el comité encargado de evaluar solicitudes actualmente?
1454;1. Criterios generales sobre becas;¿Por qué clase de motivo se los criterios y tipos de becas disponibles actualmente?
1455;5. Transferencia y movilidad con beca o financiamiento;¿Qué pasa si las becas en caso de cambiar de campus o sede según el reglamento?
1456;6. Comité de becas y financiamiento educativo;¿Se puede el comité encargado de evaluar solicitudes si aplica?
1457;6. Comité de becas y financiamiento educativo;¿Cuándo debo el comité encargado de evaluar solicitudes actualmente?
1458;5. Transferencia y movilidad con beca o financiamiento;¿Qué sucede si las becas en caso de cambiar de campus o sede actualmente?
1459;7. Financiamiento educativo (criterios, solicitud, renovación, pago, pérdida);¿Cómo puedo el sistema de créditos o apoyos financieros actualmente?
1460;8. Financiamiento educativo provisional;¿Cómo puedo los apoyos financieros temporales o de emergencia en mi caso?
1461;4. Pérdida y recuperación de la beca;¿Cuándo debo las causas de suspensión o pérdida y cómo podría recuperarla según el reglamento?
1462;5. Transferencia y movilidad con beca o financiamiento;¿En qué tipo de consiste las becas en caso de cambiar de campus o sede?
1463;3. Conservación de la beca;¿Qué pasa si las condiciones para mantener el beneficio si aplica?
1464;5. Transferencia y movilidad con beca o financiamiento;¿Dónde se las becas en caso de cambiar de campus o sede actualmente?
1465;3. Conservación de la beca;¿Cuáles son los requisitos para las condiciones para mantener el beneficio?
1466;7. Financiamiento educativo (criterios, solicitud, renovación, pago, pérdida);¿Qué pasa si el sistema de créditos o apoyos financieros si aplica?
1467;8. Financiamiento educativo provisional;¿Qué sucede si los apoyos financieros temporales o de emergencia en mi caso?
1468;3. Conservación de la beca;¿Qué sucede si las condiciones para mantener el beneficio según el reglamento?
1469;4. Pérdida y recuperación de la beca;¿En qué tipo de consiste las causas de suspensión o pérdida y cómo recuperarla si aplica?
1470;4. Pérdida y recuperación de la beca;¿Qué sucede si las causas de suspensión o pérdida y cómo recuperarla actualmente?
1471;2. Petición y otorgamiento de beca;¿Quién puede el proceso para solicitar y obtener una beca actualmente?
1472;3. Conservación de la beca;¿Se puede las condiciones para mantener el beneficio si aplica?
1473;7. Financiamiento educativo (criterios, solicitud, renovación, pago, pérdida);¿Quién puede el sistema de créditos o apoyos financieros según el reglamento?
1474;5. Transferencia y movilidad con beca o financiamiento;¿Cómo puedo las becas en caso de cambiar de campus o sede si aplica?
1475;8. Financiamiento educativo provisional;¿Cuáles son los requisitos para los apoyos financieros temporales o de emergencia si aplica?
1476;8. Financiamiento educativo provisional;¿Cómo puedo los apoyos financieros temporales o de emergencia?
1477;5. Transferencia y movilidad con beca o financiamiento;¿Cómo puedo las becas en caso de cambiar de campus o sede si aplica?
1478;5. Transferencia y movilidad con beca o financiamiento;¿Se puede las becas en caso de cambiar de campus o sede si aplica?
1479;7. Financiamiento educativo (criterios, solicitud, renovación, pago, pérdida);¿En cuál consiste el sistema de créditos o apoyos financieros si aplica?
1480;1. Criterios generales sobre becas;¿Se puede los criterios y tipos de becas disponibles si aplica?
1481;2. Petición y otorgamiento de beca;¿Qué pasa si el proceso para solicitar y obtener una beca según el reglamento?
1482;5. Transferencia y movilidad con beca o financiamiento;¿Dónde se las becas en caso de cambiar de campus o sede según el reglamento?
1483;3. Conservación de la beca;¿En qué clase de consiste las condiciones para mantener el beneficio si aplica?
1484;7. Financiamiento educativo (criterios, solicitud, renovación, pago, pérdida);¿En cuál consiste el sistema de créditos o apoyos financieros?
1485;8. Financiamiento educativo provisional;¿Cuáles son los requisitos para los apoyos financieros temporales o de emergencia según el reglamento?
1486;4. Pérdida y recuperación de la beca;¿Cuáles son los requisitos para las causas de suspensión o pérdida y de qué manera recuperarla actualmente?
1487;1. Criterios generales sobre becas;¿Qué pasa si los criterios y tipos de becas disponibles en mi caso?
1488;5. Transferencia y movilidad con beca o financiamiento;¿En qué clase de consiste las becas en caso de cambiar de campus o sede?
1489;2. Petición y otorgamiento de beca;¿Qué sucede si el proceso para solicitar y obtener una beca en mi caso?
1490;7. Financiamiento educativo (criterios, solicitud, renovación, pago, pérdida);¿Cuándo debo el sistema de créditos o apoyos financieros actualmente?
1491;3. Conservación de la beca;¿Quién puede las condiciones para mantener el beneficio si aplica?
1492;8. Financiamiento educativo provisional;¿En cuál consiste los apoyos financieros temporales o de emergencia según el reglamento?
1493;3. Conservación de la beca;¿Dónde se las condiciones para mantener el beneficio si aplica?
1494;4. Pérdida y recuperación de la beca;¿Cuándo debo las causas de suspensión o pérdida y cómo podría recuperarla?
1495;1. Criterios generales sobre becas;¿Por qué tipo de motivo se los criterios y tipos de becas disponibles actualmente?
1496;1. Criterios generales sobre becas;¿Quién puede los criterios y tipos de becas disponibles en mi caso?
1497;5. Transferencia y movilidad con beca o financiamiento;¿Quién puede las becas en caso de cambiar de campus o sede en mi caso?
1498;8. Financiamiento educativo provisional;¿En qué clase de consiste los apoyos financieros temporales o de emergencia actualmente?
1499;3. Conservación de la beca;¿Cuándo debo las condiciones para mantener el beneficio actualmente?
1500;2. Petición y otorgamiento de beca;¿Dónde se el proceso para solicitar y obtener una beca si aplica?
1501;5. Transferencia y movilidad con beca o financiamiento;¿Cómo puedo las becas en caso de cambiar de campus o sede según el reglamento?
1502;4. Pérdida y recuperación de la beca;¿Cuáles son los requisitos para las causas de suspensión o pérdida y de qué manera recuperarla según el reglamento?
1503;3. Conservación de la beca;¿Se puede las condiciones para mantener el beneficio si aplica?
1504;2. Petición y otorgamiento de beca;¿Qué sucede si el proceso para solicitar y obtener una beca según el reglamento?
1505;7. Financiamiento educativo (criterios, solicitud, renovación, pago, pérdida);¿Dónde se el sistema de créditos o apoyos financieros según el reglamento?
1506;2. Petición y otorgamiento de beca;¿Cuáles son los requisitos para el proceso para solicitar y obtener una beca?
1507;4. Pérdida y recuperación de la beca;¿Se puede las causas de suspensión o pérdida y cómo podría recuperarla?
1508;1. Criterios generales sobre becas;¿Cómo puedo los criterios y tipos de becas disponibles si aplica?
1509;8. Financiamiento educativo provisional;¿Se puede los apoyos financieros temporales o de emergencia actualmente?
1510;7. Financiamiento educativo (criterios, solicitud, renovación, pago, pérdida);¿Por qué tipo de motivo se el sistema de créditos o apoyos financieros según el reglamento?
1511;1. Criterios generales sobre becas;¿Cómo puedo los criterios y tipos de becas disponibles según el reglamento?
1512;4. Pérdida y recuperación de la beca;¿Qué sucede si las causas de suspensión o pérdida y cómo recuperarla si aplica?
1513;4. Pérdida y recuperación de la beca;¿Qué sucede si las causas de suspensión o pérdida y cómo recuperarla en mi caso?
1514;3. Conservación de la beca;¿Cómo puedo las condiciones para mantener el beneficio si aplica?
1515;2. Petición y otorgamiento de beca;¿Cuáles son los requisitos para el proceso para solicitar y obtener una beca en mi caso?
1516;3. Conservación de la beca;¿Se puede las condiciones para mantener el beneficio en mi caso?
1517;4. Pérdida y recuperación de la beca;¿Se puede las causas de suspensión o pérdida y cómo podría recuperarla?
1518;2. Petición y otorgamiento de beca;¿Por qué clase de motivo se el proceso para solicitar y obtener una beca según el reglamento?
1519;7. Financiamiento educativo (criterios, solicitud, renovación, pago, pérdida);¿Quién puede el sistema de créditos o apoyos financieros?
1520;7. Financiamiento educativo (criterios, solicitud, renovación, pago, pérdida);¿Se puede el sistema de créditos o apoyos financieros?
1521;3. Conservación de la beca;¿Dónde se las condiciones para mantener el beneficio según el reglamento?
1522;3. Conservación de la beca;¿En qué clase de consiste las condiciones para mantener el beneficio en mi caso?
1523;2. Petición y otorgamiento de beca;¿Cuáles son los requisitos para el proceso para solicitar y obtener una beca actualmente?
1524;3. Conservación de la beca;¿En qué tipo de consiste las condiciones para mantener el beneficio en mi caso?
1525;4. Pérdida y recuperación de la beca;¿Se puede las causas de suspensión o pérdida y cómo podría recuperarla en mi caso?
1526;8. Financiamiento educativo provisional;¿Cuándo debo los apoyos financieros temporales o de emergencia en mi caso?
1527;7. Financiamiento educativo (criterios, solicitud, renovación, pago, pérdida);¿Quién puede el sistema de créditos o apoyos financieros en mi caso?
1528;5. Transferencia y movilidad con beca o financiamiento;¿En cuál consiste las becas en caso de cambiar de campus o sede actualmente?
1529;1. Criterios generales sobre becas;¿Cómo puedo los criterios y tipos de becas disponibles según el reglamento?
1530;7. Financiamiento educativo (criterios, solicitud, renovación, pago, pérdida);¿Cómo puedo el sistema de créditos o apoyos financieros en mi caso?
1531;4. Pérdida y recuperación de la beca;¿Qué sucede si las causas de suspensión o pérdida y cómo recuperarla según el reglamento?
1532;2. Petición y otorgamiento de beca;¿Cuáles son los requisitos para el proceso para solicitar y obtener una beca en mi caso?
1533;2. Petición y otorgamiento de beca;¿Cómo puedo el proceso para solicitar y obtener una beca?
1534;8. Financiamiento educativo provisional;¿Cuáles son los requisitos para los apoyos financieros temporales o de emergencia si aplica?
1535;5. Transferencia y movilidad con beca o financiamiento;¿Por cuál motivo se las becas en caso de cambiar de campus o sede en mi caso?
1536;4. Pérdida y recuperación de la beca;¿Dónde se las causas de suspensión o pérdida y de qué manera recuperarla según el reglamento?
1537;5. Transferencia y movilidad con beca o financiamiento;¿Cuándo debo las becas en caso de cambiar de campus o sede si aplica?
1538;2. Petición y otorgamiento de beca;¿Qué pasa si el proceso para solicitar y obtener una beca?
1539;7. Financiamiento educativo (criterios, solicitud, renovación, pago, pérdida);¿Cuándo debo el sistema de créditos o apoyos financieros?
1540;7. Financiamiento educativo (criterios, solicitud, renovación, pago, pérdida);¿Qué pasa si el sistema de créditos o apoyos financieros según el reglamento?
1541;1. Criterios generales sobre becas;¿Cuáles son los requisitos para los criterios y tipos de becas disponibles en mi caso?
1542;7. Financiamiento educativo (criterios, solicitud, renovación, pago, pérdida);¿Qué sucede si el sistema de créditos o apoyos financieros en mi caso?
1543;2. Petición y otorgamiento de beca;¿Qué pasa si el proceso para solicitar y obtener una beca según el reglamento?
1544;4. Pérdida y recuperación de la beca;¿Dónde se las causas de suspensión o pérdida y de qué forma recuperarla en mi caso?
1545;4. Pérdida y recuperación de la beca;¿Cuáles son los requisitos para las causas de suspensión o pérdida y cómo podría recuperarla en mi caso?
1546;2. Petición y otorgamiento de beca;¿Dónde se el proceso para solicitar y obtener una beca si aplica?
1547;1. Criterios generales sobre becas;¿Se puede los criterios y tipos de becas disponibles?
1548;4. Pérdida y recuperación de la beca;¿Qué sucede si las causas de suspensión o pérdida y cómo recuperarla si aplica?
1549;1. Criterios generales sobre becas;¿Quién puede los criterios y tipos de becas disponibles según el reglamento?
1550;5. Transferencia y movilidad con beca o financiamiento;¿Por qué clase de motivo se las becas en caso de cambiar de campus o sede si aplica?
1551;7. Financiamiento educativo (criterios, solicitud, renovación, pago, pérdida);¿Qué pasa si el sistema de créditos o apoyos financieros si aplica?
1552;8. Financiamiento educativo provisional;¿Se puede los apoyos financieros temporales o de emergencia según el reglamento?
1553;2. Petición y otorgamiento de beca;¿Qué sucede si el proceso para solicitar y obtener una beca si aplica?
1554;3. Conservación de la beca;¿Por qué tipo de motivo se las condiciones para mantener el beneficio en mi caso?
1555;3. Conservación de la beca;¿Cómo puedo las condiciones para mantener el beneficio según el reglamento?
1556;3. Conservación de la beca;¿Dónde se las condiciones para mantener el beneficio si aplica?
1557;4. Pérdida y recuperación de la beca;¿Cuándo debo las causas de suspensión o pérdida y de qué manera recuperarla?
1558;3. Conservación de la beca;¿Se puede las condiciones para mantener el beneficio en mi caso?
1559;6. Comité de becas y financiamiento educativo;¿Qué sucede si el comité encargado de evaluar solicitudes en mi caso?
1560;4. Pérdida y recuperación de la beca;¿Cuáles son los requisitos para las causas de suspensión o pérdida y cómo podría recuperarla según el reglamento?
1561;7. Financiamiento educativo (criterios, solicitud, renovación, pago, pérdida);¿Cuáles son los requisitos para el sistema de créditos o apoyos financieros según el reglamento?
1562;3. Conservación de la beca;¿En qué clase de consiste las condiciones para mantener el beneficio si aplica?
1563;5. Transferencia y movilidad con beca o financiamiento;¿Cuáles son los requisitos para las becas en caso de cambiar de campus o sede en mi caso?
1564;4. Pérdida y recuperación de la beca;¿Se puede las causas de suspensión o pérdida y de qué forma recuperarla en mi caso?
1565;7. Financiamiento educativo (criterios, solicitud, renovación, pago, pérdida);¿Cuáles son los requisitos para el sistema de créditos o apoyos financieros según el reglamento?
1566;7. Financiamiento educativo (criterios, solicitud, renovación, pago, pérdida);¿Se puede el sistema de créditos o apoyos financieros actualmente?
1567;1. Criterios generales sobre becas;¿Quién puede los criterios y tipos de becas disponibles en mi caso?
1568;7. Financiamiento educativo (criterios, solicitud, renovación, pago, pérdida);¿En qué tipo de consiste el sistema de créditos o apoyos financieros?
1569;3. Conservación de la beca;¿Qué pasa si las condiciones para mantener el beneficio?
1570;2. Petición y otorgamiento de beca;¿Quién puede el proceso para solicitar y obtener una beca según el reglamento?
1571;7. Financiamiento educativo (criterios, solicitud, renovación, pago, pérdida);¿En qué tipo de consiste el sistema de créditos o apoyos financieros si aplica?
1572;7. Financiamiento educativo (criterios, solicitud, renovación, pago, pérdida);¿Cómo puedo el sistema de créditos o apoyos financieros según el reglamento?
1573;2. Petición y otorgamiento de beca;¿Se puede el proceso para solicitar y obtener una beca si aplica?
1574;8. Financiamiento educativo provisional;¿Cómo puedo los apoyos financieros temporales o de emergencia?
1575;8. Financiamiento educativo provisional;¿Quién puede los apoyos financieros temporales o de emergencia?
1576;2. Petición y otorgamiento de beca;¿Dónde se el proceso para solicitar y obtener una beca actualmente?
1577;4. Pérdida y recuperación de la beca;¿Qué pasa si las causas de suspensión o pérdida y cómo recuperarla si aplica?
1578;2. Petición y otorgamiento de beca;¿Cuándo debo el proceso para solicitar y obtener una beca si aplica?
1579;3. Conservación de la beca;¿Cómo puedo las condiciones para mantener el beneficio si aplica?
1580;1. Criterios generales sobre becas;¿Qué sucede si los criterios y tipos de becas disponibles según el reglamento?
1581;4. Pérdida y recuperación de la beca;¿Qué pasa si las causas de suspensión o pérdida y cómo recuperarla si aplica?
1582;4. Pérdida y recuperación de la beca;¿Por cuál motivo se las causas de suspensión o pérdida y cómo recuperarla en mi caso?
1583;5. Transferencia y movilidad con beca o financiamiento;¿Cuándo debo las becas en caso de cambiar de campus o sede en mi caso?
1584;5. Transferencia y movilidad con beca o financiamiento;¿En cuál consiste las becas en caso de cambiar de campus o sede según el reglamento?
1585;6. Comité de becas y financiamiento educativo;¿En qué clase de consiste el comité encargado de evaluar solicitudes según el reglamento?
1586;3. Conservación de la beca;¿Qué sucede si las condiciones para mantener el beneficio?
1587;8. Financiamiento educativo provisional;¿Dónde se los apoyos financieros temporales o de emergencia?
1588;7. Financiamiento educativo (criterios, solicitud, renovación, pago, pérdida);¿Quién puede el sistema de créditos o apoyos financieros según el reglamento?
1589;3. Conservación de la beca;¿Se puede las condiciones para mantener el beneficio si aplica?
1590;4. Pérdida y recuperación de la beca;¿En qué clase de consiste las causas de suspensión o pérdida y cómo recuperarla si aplica?
1591;4. Pérdida y recuperación de la beca;¿Quién puede las causas de suspensión o pérdida y cómo podría recuperarla en mi caso?
1592;3. Conservación de la beca;¿Se puede las condiciones para mantener el beneficio en mi caso?
1593;7. Financiamiento educativo (criterios, solicitud, renovación, pago, pérdida);¿Cuáles son los requisitos para el sistema de créditos o apoyos financieros según el reglamento?
1594;1. Criterios generales sobre becas;¿Cómo puedo los criterios y tipos de becas disponibles si aplica?
1595;1. Criterios generales sobre becas;¿Se puede los criterios y tipos de becas disponibles si aplica?
1596;2. Petición y otorgamiento de beca;¿Cómo puedo el proceso para solicitar y obtener una beca actualmente?
1597;1. Criterios generales sobre becas;¿Qué sucede si los criterios y tipos de becas disponibles si aplica?
1598;2. Petición y otorgamiento de beca;¿Cómo puedo el proceso para solicitar y obtener una beca si aplica?
1599;2. Petición y otorgamiento de beca;¿Se puede el proceso para solicitar y obtener una beca en mi caso?
1600;7. Financiamiento educativo (criterios, solicitud, renovación, pago, pérdida);¿Dónde se el sistema de créditos o apoyos financieros si aplica?
1601;1. Criterios generales sobre becas;¿Por qué tipo de motivo se los criterios y tipos de becas disponibles actualmente?
1602;3. Conservación de la beca;¿Dónde se las condiciones para mantener el beneficio actualmente?
1603;7. Financiamiento educativo (criterios, solicitud, renovación, pago, pérdida);¿En qué tipo de consiste el sistema de créditos o apoyos financieros según el reglamento?
1604;6. Comité de becas y financiamiento educativo;¿Cómo puedo el comité encargado de evaluar solicitudes?
1605;4. Pérdida y recuperación de la beca;¿Se puede las causas de suspensión o pérdida y cómo podría recuperarla si aplica?
1606;4. Pérdida y recuperación de la beca;¿Por qué clase de motivo se las causas de suspensión o pérdida y cómo recuperarla en mi caso?
1607;7. Financiamiento educativo (criterios, solicitud, renovación, pago, pérdida);¿En qué clase de consiste el sistema de créditos o apoyos financieros actualmente?
1608;1. Criterios generales sobre becas;¿Cuándo debo los criterios y tipos de becas disponibles según el reglamento?
1609;5. Transferencia y movilidad con beca o financiamiento;¿Cómo puedo las becas en caso de cambiar de campus o sede?
1610;8. Financiamiento educativo provisional;¿Por qué clase de motivo se los apoyos financieros temporales o de emergencia actualmente?
1611;2. Petición y otorgamiento de beca;¿Cuándo debo el proceso para solicitar y obtener una beca actualmente?
1612;7. Financiamiento educativo (criterios, solicitud, renovación, pago, pérdida);¿Por qué clase de motivo se el sistema de créditos o apoyos financieros en mi caso?
1613;1. Criterios generales sobre becas;¿Qué pasa si los criterios y tipos de becas disponibles según el reglamento?
1614;1. Criterios generales sobre becas;¿Qué pasa si los criterios y tipos de becas disponibles?
1615;5. Transferencia y movilidad con beca o financiamiento;¿Quién puede las becas en caso de cambiar de campus o sede?
1616;7. Financiamiento educativo (criterios, solicitud, renovación, pago, pérdida);¿Cuándo debo el sistema de créditos o apoyos financieros según el reglamento?
1617;8. Financiamiento educativo provisional;¿Qué pasa si los apoyos financieros temporales o de emergencia?
1618;3. Conservación de la beca;¿Cuáles son los requisitos para las condiciones para mantener el beneficio si aplica?
1619;4. Pérdida y recuperación de la beca;¿Se puede las causas de suspensión o pérdida y de qué manera recuperarla en mi caso?
1620;8. Financiamiento educativo provisional;¿En qué clase de consiste los apoyos financieros temporales o de emergencia?
1621;2. Petición y otorgamiento de beca;¿Se puede el proceso para solicitar y obtener una beca en mi caso?
1622;3. Conservación de la beca;¿Qué pasa si las condiciones para mantener el beneficio según el reglamento?
1623;4. Pérdida y recuperación de la beca;¿Se puede las causas de suspensión o pérdida y de qué manera recuperarla actualmente?
1624;4. Pérdida y recuperación de la beca;¿Cuándo debo las causas de suspensión o pérdida y de qué forma recuperarla según el reglamento?
1625;7. Financiamiento educativo (criterios, solicitud, renovación, pago, pérdida);¿Quién puede el sistema de créditos o apoyos financieros si aplica?
1626;2. Petición y otorgamiento de beca;¿Qué sucede si el proceso para solicitar y obtener una beca en mi caso?
1627;5. Transferencia y movilidad con beca o financiamiento;¿Dónde se las becas en caso de cambiar de campus o sede según el reglamento?
1628;6. Comité de becas y financiamiento educativo;¿Por cuál motivo se el comité encargado de evaluar solicitudes si aplica?
1629;7. Financiamiento educativo (criterios, solicitud, renovación, pago, pérdida);¿Cómo puedo el sistema de créditos o apoyos financieros actualmente?
1630;1. Criterios generales sobre becas;¿En qué clase de consiste los criterios y tipos de becas disponibles actualmente?
1631;4. Pérdida y recuperación de la beca;¿Cómo puedo las causas de suspensión o pérdida y de qué manera recuperarla en mi caso?
1632;7. Financiamiento educativo (criterios, solicitud, renovación, pago, pérdida);¿Quién puede el sistema de créditos o apoyos financieros actualmente?
1633;1. Criterios generales sobre becas;¿Se puede los criterios y tipos de becas disponibles?
1634;7. Financiamiento educativo (criterios, solicitud, renovación, pago, pérdida);¿Cuándo debo el sistema de créditos o apoyos financieros si aplica?
1635;4. Pérdida y recuperación de la beca;¿Quién puede las causas de suspensión o pérdida y de qué manera recuperarla si aplica?
1636;2. Petición y otorgamiento de beca;¿Cuáles son los requisitos para el proceso para solicitar y obtener una beca actualmente?
1637;1. Criterios generales sobre becas;¿Qué sucede si los criterios y tipos de becas disponibles actualmente?
1638;8. Financiamiento educativo provisional;¿Cómo puedo los apoyos financieros temporales o de emergencia en mi caso?
1639;7. Financiamiento educativo (criterios, solicitud, renovación, pago, pérdida);¿Por qué clase de motivo se el sistema de créditos o apoyos financieros en mi caso?
1640;4. Pérdida y recuperación de la beca;¿Quién puede las causas de suspensión o pérdida y de qué manera recuperarla si aplica?
1641;2. Petición y otorgamiento de beca;¿Se puede el proceso para solicitar y obtener una beca según el reglamento?
1642;3. Conservación de la beca;¿Dónde se las condiciones para mantener el beneficio según el reglamento?
1643;2. Petición y otorgamiento de beca;¿Dónde se el proceso para solicitar y obtener una beca?
1644;7. Financiamiento educativo (criterios, solicitud, renovación, pago, pérdida);¿En qué clase de consiste el sistema de créditos o apoyos financieros según el reglamento?
1645;3. Conservación de la beca;¿Dónde se las condiciones para mantener el beneficio en mi caso?
1646;4. Pérdida y recuperación de la beca;¿Por qué clase de motivo se las causas de suspensión o pérdida y cómo recuperarla en mi caso?
1647;1. Criterios generales sobre becas;¿Cuándo debo los criterios y tipos de becas disponibles si aplica?
1648;6. Comité de becas y financiamiento educativo;¿Se puede el comité encargado de evaluar solicitudes?
1649;2. Petición y otorgamiento de beca;¿Cuándo debo el proceso para solicitar y obtener una beca en mi caso?
1650;7. Financiamiento educativo (criterios, solicitud, renovación, pago, pérdida);¿Por qué clase de motivo se el sistema de créditos o apoyos financieros si aplica?
1651;3. Conservación de la beca;¿Quién puede las condiciones para mantener el beneficio si aplica?
1652;8. Financiamiento educativo provisional;¿Qué sucede si los apoyos financieros temporales o de emergencia según el reglamento?
1653;2. Petición y otorgamiento de beca;¿Quién puede el proceso para solicitar y obtener una beca si aplica?
1654;1. Criterios generales sobre becas;¿Cómo puedo los criterios y tipos de becas disponibles en mi caso?
1655;2. Petición y otorgamiento de beca;¿Qué sucede si el proceso para solicitar y obtener una beca según el reglamento?
1656;3. Conservación de la beca;¿Qué sucede si las condiciones para mantener el beneficio si aplica?
1657;2. Petición y otorgamiento de beca;¿Quién puede el proceso para solicitar y obtener una beca en mi caso?
1658;4. Pérdida y recuperación de la beca;¿Qué pasa si las causas de suspensión o pérdida y cómo recuperarla si aplica?
1659;4. Pérdida y recuperación de la beca;¿Quién puede las causas de suspensión o pérdida y cómo podría recuperarla según el reglamento?
1660;7. Financiamiento educativo (criterios, solicitud, renovación, pago, pérdida);¿Qué pasa si el sistema de créditos o apoyos financieros actualmente?
1661;1. Criterios generales sobre becas;¿Se puede los criterios y tipos de becas disponibles actualmente?
1662;1. Criterios generales sobre becas;¿Por qué clase de motivo se los criterios y tipos de becas disponibles si aplica?
1663;1. Criterios generales sobre becas;¿Por qué tipo de motivo se los criterios y tipos de becas disponibles?
1664;3. Conservación de la beca;¿Cuáles son los requisitos para las condiciones para mantener el beneficio según el reglamento?
1665;1. Criterios generales sobre becas;¿En cuál consiste los criterios y tipos de becas disponibles si aplica?
1666;4. Pérdida y recuperación de la beca;¿Cuándo debo las causas de suspensión o pérdida y de qué manera recuperarla si aplica?
1667;1. Criterios generales sobre becas;¿Cuáles son los requisitos para los criterios y tipos de becas disponibles actualmente?
1668;5. Transferencia y movilidad con beca o financiamiento;¿Por cuál motivo se las becas en caso de cambiar de campus o sede?
1669;2. Petición y otorgamiento de beca;¿Qué pasa si el proceso para solicitar y obtener una beca si aplica?
1670;7. Financiamiento educativo (criterios, solicitud, renovación, pago, pérdida);¿Por cuál motivo se el sistema de créditos o apoyos financieros si aplica?
1671;7. Financiamiento educativo (criterios, solicitud, renovación, pago, pérdida);¿Cuándo debo el sistema de créditos o apoyos financieros si aplica?
1672;4. Pérdida y recuperación de la beca;¿Qué pasa si las causas de suspensión o pérdida y cómo recuperarla según el reglamento?
1673;7. Financiamiento educativo (criterios, solicitud, renovación, pago, pérdida);¿Qué sucede si el sistema de créditos o apoyos financieros según el reglamento?
1674;6. Comité de becas y financiamiento educativo;¿Cómo puedo el comité encargado de evaluar solicitudes según el reglamento?
1675;1. Criterios generales sobre becas;¿Dónde se los criterios y tipos de becas disponibles?
1676;4. Pérdida y recuperación de la beca;¿Se puede las causas de suspensión o pérdida y de qué forma recuperarla actualmente?
1677;3. Conservación de la beca;¿Se puede las condiciones para mantener el beneficio en mi caso?
1678;7. Financiamiento educativo (criterios, solicitud, renovación, pago, pérdida);¿Cómo puedo el sistema de créditos o apoyos financieros si aplica?
1679;3. Conservación de la beca;¿Cuáles son los requisitos para las condiciones para mantener el beneficio según el reglamento?
1680;2. Petición y otorgamiento de beca;¿Cuáles son los requisitos para el proceso para solicitar y obtener una beca actualmente?
1681;7. Financiamiento educativo (criterios, solicitud, renovación, pago, pérdida);¿En qué tipo de consiste el sistema de créditos o apoyos financieros según el reglamento?
1682;5. Transferencia y movilidad con beca o financiamiento;¿Quién puede las becas en caso de cambiar de campus o sede?
1683;4. Pérdida y recuperación de la beca;¿Qué pasa si las causas de suspensión o pérdida y cómo recuperarla?
1684;4. Pérdida y recuperación de la beca;¿Dónde se las causas de suspensión o pérdida y de qué manera recuperarla en mi caso?
1685;3. Conservación de la beca;¿Dónde se las condiciones para mantener el beneficio en mi caso?
1686;5. Transferencia y movilidad con beca o financiamiento;¿Se puede las becas en caso de cambiar de campus o sede si aplica?
1687;8. Financiamiento educativo provisional;¿Por qué clase de motivo se los apoyos financieros temporales o de emergencia actualmente?
1688;4. Pérdida y recuperación de la beca;¿Qué pasa si las causas de suspensión o pérdida y cómo recuperarla actualmente?
1689;4. Pérdida y recuperación de la beca;¿Dónde se las causas de suspensión o pérdida y cómo podría recuperarla?
1690;6. Comité de becas y financiamiento educativo;¿Qué sucede si el comité encargado de evaluar solicitudes actualmente?
1691;1. Criterios generales sobre becas;¿Cuáles son los requisitos para los criterios y tipos de becas disponibles actualmente?
1692;3. Conservación de la beca;¿Quién puede las condiciones para mantener el beneficio?
1693;2. Petición y otorgamiento de beca;¿Qué sucede si el proceso para solicitar y obtener una beca si aplica?
1694;5. Transferencia y movilidad con beca o financiamiento;¿Quién puede las becas en caso de cambiar de campus o sede según el reglamento?
1695;2. Petición y otorgamiento de beca;¿Cuáles son los requisitos para el proceso para solicitar y obtener una beca si aplica?
1696;7. Financiamiento educativo (criterios, solicitud, renovación, pago, pérdida);¿Cuáles son los requisitos para el sistema de créditos o apoyos financieros según el reglamento?
1697;3. Conservación de la beca;¿Quién puede las condiciones para mantener el beneficio según el reglamento?
1698;2. Petición y otorgamiento de beca;¿Cuáles son los requisitos para el proceso para solicitar y obtener una beca si aplica?
1699;5. Transferencia y movilidad con beca o financiamiento;¿Quién puede las becas en caso de cambiar de campus o sede en mi caso?
1700;3. Conservación de la beca;¿Por cuál motivo se las condiciones para mantener el beneficio según el reglamento?
1701;8. Financiamiento educativo provisional;¿Qué pasa si los apoyos financieros temporales o de emergencia en mi caso?
1702;7. Financiamiento educativo (criterios, solicitud, renovación, pago, pérdida);¿Cuándo debo el sistema de créditos o apoyos financieros actualmente?
1703;2. Petición y otorgamiento de beca;¿Cómo puedo el proceso para solicitar y obtener una beca si aplica?
1704;7. Financiamiento educativo (criterios, solicitud, renovación, pago, pérdida);¿Cuáles son los requisitos para el sistema de créditos o apoyos financieros si aplica?
1705;5. Transferencia y movilidad con beca o financiamiento;¿Se puede las becas en caso de cambiar de campus o sede si aplica?
1706;2. Petición y otorgamiento de beca;¿Qué sucede si el proceso para solicitar y obtener una beca según el reglamento?
1707;3. Conservación de la beca;¿En cuál consiste las condiciones para mantener el beneficio?
1708;6. Comité de becas y financiamiento educativo;¿Cómo puedo el comité encargado de evaluar solicitudes actualmente?
1709;1. Criterios generales sobre becas;¿Se puede los criterios y tipos de becas disponibles en mi caso?
1710;3. Conservación de la beca;¿Cómo puedo las condiciones para mantener el beneficio según el reglamento?
1711;4. Pérdida y recuperación de la beca;¿Qué sucede si las causas de suspensión o pérdida y cómo recuperarla en mi caso?
1712;3. Conservación de la beca;¿Se puede las condiciones para mantener el beneficio?
1713;4. Pérdida y recuperación de la beca;¿Por qué tipo de motivo se las causas de suspensión o pérdida y cómo recuperarla actualmente?
1714;7. Financiamiento educativo (criterios, solicitud, renovación, pago, pérdida);¿En qué clase de consiste el sistema de créditos o apoyos financieros actualmente?
1715;4. Pérdida y recuperación de la beca;¿Quién puede las causas de suspensión o pérdida y de qué manera recuperarla actualmente?
1716;5. Transferencia y movilidad con beca o financiamiento;¿Dónde se las becas en caso de cambiar de campus o sede actualmente?
1717;4. Pérdida y recuperación de la beca;¿Qué sucede si las causas de suspensión o pérdida y cómo recuperarla si aplica?
1718;2. Petición y otorgamiento de beca;¿Cuáles son los requisitos para el proceso para solicitar y obtener una beca actualmente?
1719;4. Pérdida y recuperación de la beca;¿Cuándo debo las causas de suspensión o pérdida y de qué manera recuperarla en mi caso?
1720;3. Conservación de la beca;¿Qué sucede si las condiciones para mantener el beneficio en mi caso?
1721;3. Conservación de la beca;¿Se puede las condiciones para mantener el beneficio?
1722;2. Petición y otorgamiento de beca;¿En qué clase de consiste el proceso para solicitar y obtener una beca en mi caso?
1723;3. Conservación de la beca;¿Cuáles son los requisitos para las condiciones para mantener el beneficio si aplica?
1724;2. Petición y otorgamiento de beca;¿Dónde se el proceso para solicitar y obtener una beca según el reglamento?
1725;2. Petición y otorgamiento de beca;¿Dónde se el proceso para solicitar y obtener una beca si aplica?
1726;5. Transferencia y movilidad con beca o financiamiento;¿En qué clase de consiste las becas en caso de cambiar de campus o sede actualmente?
1727;1. Criterios generales sobre becas;¿Cuándo debo los criterios y tipos de becas disponibles si aplica?
1728;6. Comité de becas y financiamiento educativo;¿En qué clase de consiste el comité encargado de evaluar solicitudes actualmente?
1729;1. Criterios generales sobre becas;¿Cómo puedo los criterios y tipos de becas disponibles según el reglamento?
1730;8. Financiamiento educativo provisional;¿Cómo puedo los apoyos financieros temporales o de emergencia?
1731;2. Petición y otorgamiento de beca;¿Cuáles son los requisitos para el proceso para solicitar y obtener una beca en mi caso?
1732;4. Pérdida y recuperación de la beca;¿Se puede las causas de suspensión o pérdida y cómo podría recuperarla actualmente?
1733;4. Pérdida y recuperación de la beca;¿Qué sucede si las causas de suspensión o pérdida y cómo recuperarla actualmente?
1734;2. Petición y otorgamiento de beca;¿Se puede el proceso para solicitar y obtener una beca actualmente?
1735;5. Transferencia y movilidad con beca o financiamiento;¿Cómo puedo las becas en caso de cambiar de campus o sede actualmente?
1736;7. Financiamiento educativo (criterios, solicitud, renovación, pago, pérdida);¿Por cuál motivo se el sistema de créditos o apoyos financieros?
1737;7. Financiamiento educativo (criterios, solicitud, renovación, pago, pérdida);¿Se puede el sistema de créditos o apoyos financieros según el reglamento?
1738;1. Criterios generales sobre becas;¿En cuál consiste los criterios y tipos de becas disponibles?
1739;1. Criterios generales sobre becas;¿Por qué clase de motivo se los criterios y tipos de becas disponibles si aplica?
1740;7. Financiamiento educativo (criterios, solicitud, renovación, pago, pérdida);¿Se puede el sistema de créditos o apoyos financieros?
1741;5. Transferencia y movilidad con beca o financiamiento;¿Se puede las becas en caso de cambiar de campus o sede?
1742;4. Pérdida y recuperación de la beca;¿Qué sucede si las causas de suspensión o pérdida y cómo recuperarla en mi caso?
1743;3. Conservación de la beca;¿Se puede las condiciones para mantener el beneficio?
1744;2. Petición y otorgamiento de beca;¿Por qué tipo de motivo se el proceso para solicitar y obtener una beca?
1745;4. Pérdida y recuperación de la beca;¿Qué pasa si las causas de suspensión o pérdida y cómo recuperarla actualmente?
1746;5. Transferencia y movilidad con beca o financiamiento;¿Cuándo debo las becas en caso de cambiar de campus o sede?
1747;3. Conservación de la beca;¿Cuándo debo las condiciones para mantener el beneficio si aplica?
1748;2. Petición y otorgamiento de beca;¿Quién puede el proceso para solicitar y obtener una beca en mi caso?
1749;3. Conservación de la beca;¿En cuál consiste las condiciones para mantener el beneficio en mi caso?
1750;2. Petición y otorgamiento de beca;¿En qué tipo de consiste el proceso para solicitar y obtener una beca según el reglamento?
1751;1. Criterios generales sobre becas;¿En qué clase de consiste los criterios y tipos de becas disponibles si aplica?
1752;3. Conservación de la beca;¿Dónde se las condiciones para mantener el beneficio?
1753;7. Financiamiento educativo (criterios, solicitud, renovación, pago, pérdida);¿Qué pasa si el sistema de créditos o apoyos financieros en mi caso?
1754;2. Petición y otorgamiento de beca;¿Qué sucede si el proceso para solicitar y obtener una beca en mi caso?
1755;1. Criterios generales sobre becas;¿En qué tipo de consiste los criterios y tipos de becas disponibles actualmente?
1756;5. Transferencia y movilidad con beca o financiamiento;¿En qué tipo de consiste las becas en caso de cambiar de campus o sede en mi caso?
1757;7. Financiamiento educativo (criterios, solicitud, renovación, pago, pérdida);¿Qué pasa si el sistema de créditos o apoyos financieros según el reglamento?
1758;2. Petición y otorgamiento de beca;¿Cuáles son los requisitos para el proceso para solicitar y obtener una beca según el reglamento?
1759;3. Conservación de la beca;¿Cuáles son los requisitos para las condiciones para mantener el beneficio según el reglamento?
1760;6. Comité de becas y financiamiento educativo;¿Por qué clase de motivo se el comité encargado de evaluar solicitudes?
1761;5. Transferencia y movilidad con beca o financiamiento;¿Cuándo debo las becas en caso de cambiar de campus o sede?
1762;2. Petición y otorgamiento de beca;¿En qué clase de consiste el proceso para solicitar y obtener una beca según el reglamento?
1763;4. Pérdida y recuperación de la beca;¿Dónde se las causas de suspensión o pérdida y de qué manera recuperarla si aplica?
1764;1. Criterios generales sobre becas;¿Cuándo debo los criterios y tipos de becas disponibles en mi caso?
1765;7. Financiamiento educativo (criterios, solicitud, renovación, pago, pérdida);¿Cómo puedo el sistema de créditos o apoyos financieros si aplica?
1766;4. Pérdida y recuperación de la beca;¿Dónde se las causas de suspensión o pérdida y de qué manera recuperarla?
1767;6. Comité de becas y financiamiento educativo;¿Se puede el comité encargado de evaluar solicitudes?
1768;4. Pérdida y recuperación de la beca;¿En qué tipo de consiste las causas de suspensión o pérdida y cómo recuperarla si aplica?
1769;8. Financiamiento educativo provisional;¿Qué sucede si los apoyos financieros temporales o de emergencia actualmente?
1770;2. Petición y otorgamiento de beca;¿Cuándo debo el proceso para solicitar y obtener una beca según el reglamento?
1771;8. Financiamiento educativo provisional;¿Qué sucede si los apoyos financieros temporales o de emergencia si aplica?
1772;6. Comité de becas y financiamiento educativo;¿Cuándo debo el comité encargado de evaluar solicitudes si aplica?
1773;2. Petición y otorgamiento de beca;¿Quién puede el proceso para solicitar y obtener una beca si aplica?
1774;2. Petición y otorgamiento de beca;¿Por qué clase de motivo se el proceso para solicitar y obtener una beca en mi caso?
1775;3. Conservación de la beca;¿Quién puede las condiciones para mantener el beneficio si aplica?
1776;8. Financiamiento educativo provisional;¿Dónde se los apoyos financieros temporales o de emergencia?
1777;8. Financiamiento educativo provisional;¿Se puede los apoyos financieros temporales o de emergencia según el reglamento?
1778;3. Conservación de la beca;¿Por qué clase de motivo se las condiciones para mantener el beneficio si aplica?
1779;4. Pérdida y recuperación de la beca;¿En qué clase de consiste las causas de suspensión o pérdida y cómo recuperarla según el reglamento?
1780;7. Financiamiento educativo (criterios, solicitud, renovación, pago, pérdida);¿Qué pasa si el sistema de créditos o apoyos financieros actualmente?
1781;4. Pérdida y recuperación de la beca;¿Se puede las causas de suspensión o pérdida y cómo podría recuperarla actualmente?
1782;6. Comité de becas y financiamiento educativo;¿Qué sucede si el comité encargado de evaluar solicitudes si aplica?
1783;5. Transferencia y movilidad con beca o financiamiento;¿Cuáles son los requisitos para las becas en caso de cambiar de campus o sede?
1784;4. Pérdida y recuperación de la beca;¿Dónde se las causas de suspensión o pérdida y de qué manera recuperarla en mi caso?
1785;4. Pérdida y recuperación de la beca;¿Quién puede las causas de suspensión o pérdida y de qué forma recuperarla actualmente?
1786;7. Financiamiento educativo (criterios, solicitud, renovación, pago, pérdida);¿Qué sucede si el sistema de créditos o apoyos financieros si aplica?
1787;5. Transferencia y movilidad con beca o financiamiento;¿Qué pasa si las becas en caso de cambiar de campus o sede?
1788;4. Pérdida y recuperación de la beca;¿En cuál consiste las causas de suspensión o pérdida y cómo recuperarla en mi caso?
1789;2. Petición y otorgamiento de beca;¿Qué sucede si el proceso para solicitar y obtener una beca en mi caso?
1790;8. Financiamiento educativo provisional;¿Quién puede los apoyos financieros temporales o de emergencia según el reglamento?
1791;8. Financiamiento educativo provisional;¿Cuándo debo los apoyos financieros temporales o de emergencia?
1792;7. Financiamiento educativo (criterios, solicitud, renovación, pago, pérdida);¿Qué pasa si el sistema de créditos o apoyos financieros?
1793;7. Financiamiento educativo (criterios, solicitud, renovación, pago, pérdida);¿Dónde se el sistema de créditos o apoyos financieros según el reglamento?
1794;7. Financiamiento educativo (criterios, solicitud, renovación, pago, pérdida);¿Cuándo debo el sistema de créditos o apoyos financieros en mi caso?
1795;8. Financiamiento educativo provisional;¿Se puede los apoyos financieros temporales o de emergencia actualmente?
1796;4. Pérdida y recuperación de la beca;¿Por qué tipo de motivo se las causas de suspensión o pérdida y cómo recuperarla en mi caso?
1797;6. Comité de becas y financiamiento educativo;¿Qué sucede si el comité encargado de evaluar solicitudes?
1798;2. Petición y otorgamiento de beca;¿Cómo puedo el proceso para solicitar y obtener una beca?
1799;3. Conservación de la beca;¿Cuáles son los requisitos para las condiciones para mantener el beneficio?
1800;4. Pérdida y recuperación de la beca;¿Dónde se las causas de suspensión o pérdida y de qué manera recuperarla en mi caso?
1801;3. Conservación de la beca;¿Cuándo debo las condiciones para mantener el beneficio?
1802;4. Pérdida y recuperación de la beca;¿Quién puede las causas de suspensión o pérdida y de qué manera recuperarla actualmente?
1803;7. Financiamiento educativo (criterios, solicitud, renovación, pago, pérdida);¿Se puede el sistema de créditos o apoyos financieros según el reglamento?
1804;6. Comité de becas y financiamiento educativo;¿Qué pasa si el comité encargado de evaluar solicitudes en mi caso?
1805;7. Financiamiento educativo (criterios, solicitud, renovación, pago, pérdida);¿Por cuál motivo se el sistema de créditos o apoyos financieros si aplica?
1806;1. Criterios generales sobre becas;¿Qué sucede si los criterios y tipos de becas disponibles en mi caso?
1807;4. Pérdida y recuperación de la beca;¿Se puede las causas de suspensión o pérdida y cómo podría recuperarla?
1808;8. Financiamiento educativo provisional;¿Qué pasa si los apoyos financieros temporales o de emergencia?
1809;5. Transferencia y movilidad con beca o financiamiento;¿En qué tipo de consiste las becas en caso de cambiar de campus o sede actualmente?
1810;6. Comité de becas y financiamiento educativo;¿Qué sucede si el comité encargado de evaluar solicitudes en mi caso?
1811;4. Pérdida y recuperación de la beca;¿Cuándo debo las causas de suspensión o pérdida y cómo podría recuperarla en mi caso?
1812;4. Pérdida y recuperación de la beca;¿Dónde se las causas de suspensión o pérdida y de qué manera recuperarla?
1813;7. Financiamiento educativo (criterios, solicitud, renovación, pago, pérdida);¿Dónde se el sistema de créditos o apoyos financieros en mi caso?
1814;5. Transferencia y movilidad con beca o financiamiento;¿Por qué tipo de motivo se las becas en caso de cambiar de campus o sede?
1815;3. Conservación de la beca;¿Quién puede las condiciones para mantener el beneficio?
1816;2. Petición y otorgamiento de beca;¿Qué sucede si el proceso para solicitar y obtener una beca según el reglamento?
1817;3. Conservación de la beca;¿Por qué clase de motivo se las condiciones para mantener el beneficio?
1818;2. Petición y otorgamiento de beca;¿Cómo puedo el proceso para solicitar y obtener una beca en mi caso?
1819;7. Financiamiento educativo (criterios, solicitud, renovación, pago, pérdida);¿Se puede el sistema de créditos o apoyos financieros?
1820;4. Pérdida y recuperación de la beca;¿Quién puede las causas de suspensión o pérdida y de qué manera recuperarla en mi caso?
1821;4. Pérdida y recuperación de la beca;¿Cuáles son los requisitos para las causas de suspensión o pérdida y de qué forma recuperarla según el reglamento?
1822;3. Conservación de la beca;¿Qué sucede si las condiciones para mantener el beneficio si aplica?
1823;4. Pérdida y recuperación de la beca;¿Dónde se las causas de suspensión o pérdida y de qué manera recuperarla si aplica?
1824;1. Criterios generales sobre becas;¿Quién puede los criterios y tipos de becas disponibles si aplica?
1825;1. Criterios generales sobre becas;¿Qué pasa si los criterios y tipos de becas disponibles?
1826;1. Criterios generales sobre becas;¿Cómo puedo los criterios y tipos de becas disponibles actualmente?
1827;7. Financiamiento educativo (criterios, solicitud, renovación, pago, pérdida);¿Qué sucede si el sistema de créditos o apoyos financieros actualmente?
1828;3. Conservación de la beca;¿Dónde se las condiciones para mantener el beneficio?
1829;8. Financiamiento educativo provisional;¿Por qué tipo de motivo se los apoyos financieros temporales o de emergencia según el reglamento?
1830;1. Criterios generales sobre becas;¿Quién puede los criterios y tipos de becas disponibles?
1831;1. Criterios generales sobre becas;¿Quién puede los criterios y tipos de becas disponibles si aplica?
1832;4. Pérdida y recuperación de la beca;¿Se puede las causas de suspensión o pérdida y de qué manera recuperarla?
1833;4. Pérdida y recuperación de la beca;¿Dónde se las causas de suspensión o pérdida y de qué forma recuperarla si aplica?
1834;5. Transferencia y movilidad con beca o financiamiento;¿Por cuál motivo se las becas en caso de cambiar de campus o sede?
1835;6. Comité de becas y financiamiento educativo;¿En qué tipo de consiste el comité encargado de evaluar solicitudes según el reglamento?
1836;8. Financiamiento educativo provisional;¿Cuáles son los requisitos para los apoyos financieros temporales o de emergencia actualmente?
1837;4. Pérdida y recuperación de la beca;¿Se puede las causas de suspensión o pérdida y de qué forma recuperarla si aplica?
1838;5. Transferencia y movilidad con beca o financiamiento;¿Por qué tipo de motivo se las becas en caso de cambiar de campus o sede actualmente?
1839;7. Financiamiento educativo (criterios, solicitud, renovación, pago, pérdida);¿Qué sucede si el sistema de créditos o apoyos financieros en mi caso?
1840;6. Comité de becas y financiamiento educativo;¿Qué sucede si el comité encargado de evaluar solicitudes según el reglamento?
1841;1. Criterios generales sobre becas;¿Cómo puedo los criterios y tipos de becas disponibles según el reglamento?
1842;5. Transferencia y movilidad con beca o financiamiento;¿Por qué clase de motivo se las becas en caso de cambiar de campus o sede según el reglamento?
1843;2. Petición y otorgamiento de beca;¿Por qué tipo de motivo se el proceso para solicitar y obtener una beca?
1844;4. Pérdida y recuperación de la beca;¿Cómo puedo las causas de suspensión o pérdida y de qué forma recuperarla según el reglamento?
1845;1. Criterios generales sobre becas;¿Cuándo debo los criterios y tipos de becas disponibles según el reglamento?
1846;7. Financiamiento educativo (criterios, solicitud, renovación, pago, pérdida);¿Cuáles son los requisitos para el sistema de créditos o apoyos financieros según el reglamento?
1847;5. Transferencia y movilidad con beca o financiamiento;¿Qué sucede si las becas en caso de cambiar de campus o sede actualmente?
1848;4. Pérdida y recuperación de la beca;¿Se puede las causas de suspensión o pérdida y de qué forma recuperarla en mi caso?
1849;4. Pérdida y recuperación de la beca;¿Qué pasa si las causas de suspensión o pérdida y cómo recuperarla en mi caso?
1850;3. Conservación de la beca;¿Qué sucede si las condiciones para mantener el beneficio?
1851;1. Criterios generales sobre becas;¿En qué clase de consiste los criterios y tipos de becas disponibles en mi caso?
1852;5. Transferencia y movilidad con beca o financiamiento;¿Cuáles son los requisitos para las becas en caso de cambiar de campus o sede en mi caso?
1853;2. Petición y otorgamiento de beca;¿Cómo puedo el proceso para solicitar y obtener una beca según el reglamento?
1854;3. Conservación de la beca;¿Cómo puedo las condiciones para mantener el beneficio?
1855;7. Financiamiento educativo (criterios, solicitud, renovación, pago, pérdida);¿En qué clase de consiste el sistema de créditos o apoyos financieros si aplica?
1856;3. Conservación de la beca;¿Por qué tipo de motivo se las condiciones para mantener el beneficio según el reglamento?
1857;7. Financiamiento educativo (criterios, solicitud, renovación, pago, pérdida);¿Dónde se el sistema de créditos o apoyos financieros si aplica?
1858;7. Financiamiento educativo (criterios, solicitud, renovación, pago, pérdida);¿Qué pasa si el sistema de créditos o apoyos financieros?
1859;4. Pérdida y recuperación de la beca;¿Cómo puedo las causas de suspensión o pérdida y cómo podría recuperarla en mi caso?
1860;2. Petición y otorgamiento de beca;¿Se puede el proceso para solicitar y obtener una beca según el reglamento?
1861;7. Financiamiento educativo (criterios, solicitud, renovación, pago, pérdida);¿Quién puede el sistema de créditos o apoyos financieros si aplica?
1862;7. Financiamiento educativo (criterios, solicitud, renovación, pago, pérdida);¿En qué clase de consiste el sistema de créditos o apoyos financieros actualmente?
1863;1. Criterios generales sobre becas;¿Quién puede los criterios y tipos de becas disponibles?
1864;8. Financiamiento educativo provisional;¿En qué clase de consiste los apoyos financieros temporales o de emergencia actualmente?
1865;2. Petición y otorgamiento de beca;¿En cuál consiste el proceso para solicitar y obtener una beca?
1866;2. Petición y otorgamiento de beca;¿Quién puede el proceso para solicitar y obtener una beca según el reglamento?
1867;7. Financiamiento educativo (criterios, solicitud, renovación, pago, pérdida);¿Qué pasa si el sistema de créditos o apoyos financieros?
1868;4. Pérdida y recuperación de la beca;¿Cómo puedo las causas de suspensión o pérdida y de qué manera recuperarla en mi caso?
1869;7. Financiamiento educativo (criterios, solicitud, renovación, pago, pérdida);¿Por cuál motivo se el sistema de créditos o apoyos financieros según el reglamento?
1870;2. Petición y otorgamiento de beca;¿Cómo puedo el proceso para solicitar y obtener una beca si aplica?
1871;5. Transferencia y movilidad con beca o financiamiento;¿Se puede las becas en caso de cambiar de campus o sede actualmente?
1872;3. Conservación de la beca;¿Cómo puedo las condiciones para mantener el beneficio en mi caso?
1873;1. Criterios generales sobre becas;¿Se puede los criterios y tipos de becas disponibles según el reglamento?
1874;7. Financiamiento educativo (criterios, solicitud, renovación, pago, pérdida);¿Por qué clase de motivo se el sistema de créditos o apoyos financieros en mi caso?
1875;7. Financiamiento educativo (criterios, solicitud, renovación, pago, pérdida);¿En qué clase de consiste el sistema de créditos o apoyos financieros?
1876;7. Financiamiento educativo (criterios, solicitud, renovación, pago, pérdida);¿Cuándo debo el sistema de créditos o apoyos financieros según el reglamento?
1877;4. Pérdida y recuperación de la beca;¿Dónde se las causas de suspensión o pérdida y de qué manera recuperarla en mi caso?
1878;1. Criterios generales sobre becas;¿Cuáles son los requisitos para los criterios y tipos de becas disponibles si aplica?
1879;3. Conservación de la beca;¿Qué pasa si las condiciones para mantener el beneficio si aplica?
1880;6. Comité de becas y financiamiento educativo;¿Dónde se el comité encargado de evaluar solicitudes actualmente?
1881;7. Financiamiento educativo (criterios, solicitud, renovación, pago, pérdida);¿Cuándo debo el sistema de créditos o apoyos financieros según el reglamento?
1882;3. Conservación de la beca;¿En cuál consiste las condiciones para mantener el beneficio según el reglamento?
1883;1. Criterios generales sobre becas;¿Qué pasa si los criterios y tipos de becas disponibles en mi caso?
1884;3. Conservación de la beca;¿Quién puede las condiciones para mantener el beneficio en mi caso?
1885;4. Pérdida y recuperación de la beca;¿Qué sucede si las causas de suspensión o pérdida y cómo recuperarla si aplica?
1886;3. Conservación de la beca;¿Cuáles son los requisitos para las condiciones para mantener el beneficio?
1887;3. Conservación de la beca;¿Se puede las condiciones para mantener el beneficio actualmente?
1888;3. Conservación de la beca;¿Cuáles son los requisitos para las condiciones para mantener el beneficio si aplica?
1889;7. Financiamiento educativo (criterios, solicitud, renovación, pago, pérdida);¿Cuáles son los requisitos para el sistema de créditos o apoyos financieros en mi caso?
1890;4. Pérdida y recuperación de la beca;¿Qué pasa si las causas de suspensión o pérdida y cómo recuperarla?
1891;5. Transferencia y movilidad con beca o financiamiento;¿Cuáles son los requisitos para las becas en caso de cambiar de campus o sede actualmente?
1892;4. Pérdida y recuperación de la beca;¿En cuál consiste las causas de suspensión o pérdida y cómo recuperarla?
1893;7. Financiamiento educativo (criterios, solicitud, renovación, pago, pérdida);¿Quién puede el sistema de créditos o apoyos financieros actualmente?
1894;2. Petición y otorgamiento de beca;¿Dónde se el proceso para solicitar y obtener una beca actualmente?
1895;8. Financiamiento educativo provisional;¿Dónde se los apoyos financieros temporales o de emergencia según el reglamento?
1896;8. Financiamiento educativo provisional;¿Cuándo debo los apoyos financieros temporales o de emergencia?
1897;1. Criterios generales sobre becas;¿Se puede los criterios y tipos de becas disponibles según el reglamento?
1898;5. Transferencia y movilidad con beca o financiamiento;¿Qué sucede si las becas en caso de cambiar de campus o sede?
1899;4. Pérdida y recuperación de la beca;¿Cuándo debo las causas de suspensión o pérdida y de qué forma recuperarla en mi caso?
1900;8. Financiamiento educativo provisional;¿Qué sucede si los apoyos financieros temporales o de emergencia actualmente?
1901;4. Pérdida y recuperación de la beca;¿Qué pasa si las causas de suspensión o pérdida y cómo recuperarla según el reglamento?
1902;3. Conservación de la beca;¿Cuáles son los requisitos para las condiciones para mantener el beneficio según el reglamento?
1903;2. Petición y otorgamiento de beca;¿En qué clase de consiste el proceso para solicitar y obtener una beca según el reglamento?
1904;2. Petición y otorgamiento de beca;¿Qué sucede si el proceso para solicitar y obtener una beca según el reglamento?
1905;5. Transferencia y movilidad con beca o financiamiento;¿Por qué tipo de motivo se las becas en caso de cambiar de campus o sede en mi caso?
1906;5. Transferencia y movilidad con beca o financiamiento;¿Cómo puedo las becas en caso de cambiar de campus o sede en mi caso?
1907;7. Financiamiento educativo (criterios, solicitud, renovación, pago, pérdida);¿Cuáles son los requisitos para el sistema de créditos o apoyos financieros actualmente?
1908;7. Financiamiento educativo (criterios, solicitud, renovación, pago, pérdida);¿Cuándo debo el sistema de créditos o apoyos financieros actualmente?
1909;2. Petición y otorgamiento de beca;¿Por qué clase de motivo se el proceso para solicitar y obtener una beca actualmente?
1910;2. Petición y otorgamiento de beca;¿En qué tipo de consiste el proceso para solicitar y obtener una beca si aplica?
1911;3. Conservación de la beca;¿Qué sucede si las condiciones para mantener el beneficio según el reglamento?
1912;3. Conservación de la beca;¿Qué sucede si las condiciones para mantener el beneficio según el reglamento?
1913;4. Pérdida y recuperación de la beca;¿Se puede las causas de suspensión o pérdida y de qué manera recuperarla en mi caso?
1914;2. Petición y otorgamiento de beca;¿Cómo puedo el proceso para solicitar y obtener una beca actualmente?
1915;3. Conservación de la beca;¿En qué clase de consiste las condiciones para mantener el beneficio si aplica?
1916;2. Petición y otorgamiento de beca;¿Cuándo debo el proceso para solicitar y obtener una beca según el reglamento?
1917;5. Transferencia y movilidad con beca o financiamiento;¿Cuáles son los requisitos para las becas en caso de cambiar de campus o sede en mi caso?
1918;4. Pérdida y recuperación de la beca;¿Por qué clase de motivo se las causas de suspensión o pérdida y cómo recuperarla según el reglamento?
1919;3. Conservación de la beca;¿Qué sucede si las condiciones para mantener el beneficio?
1920;6. Comité de becas y financiamiento educativo;¿Se puede el comité encargado de evaluar solicitudes en mi caso?
1921;3. Conservación de la beca;¿Qué sucede si las condiciones para mantener el beneficio?
1922;2. Petición y otorgamiento de beca;¿Qué pasa si el proceso para solicitar y obtener una beca según el reglamento?
1923;7. Financiamiento educativo (criterios, solicitud, renovación, pago, pérdida);¿En qué clase de consiste el sistema de créditos o apoyos financieros según el reglamento?
1924;6. Comité de becas y financiamiento educativo;¿Cuáles son los requisitos para el comité encargado de evaluar solicitudes actualmente?
1925;6. Comité de becas y financiamiento educativo;¿Qué pasa si el comité encargado de evaluar solicitudes según el reglamento?
1926;5. Transferencia y movilidad con beca o financiamiento;¿Cuándo debo las becas en caso de cambiar de campus o sede según el reglamento?
1927;7. Financiamiento educativo (criterios, solicitud, renovación, pago, pérdida);¿Por cuál motivo se el sistema de créditos o apoyos financieros si aplica?
1928;7. Financiamiento educativo (criterios, solicitud, renovación, pago, pérdida);¿Se puede el sistema de créditos o apoyos financieros si aplica?
1929;8. Financiamiento educativo provisional;¿Quién puede los apoyos financieros temporales o de emergencia según el reglamento?
1930;1. Criterios generales sobre becas;¿Qué pasa si los criterios y tipos de becas disponibles actualmente?
1931;5. Transferencia y movilidad con beca o financiamiento;¿Dónde se las becas en caso de cambiar de campus o sede en mi caso?
1932;4. Pérdida y recuperación de la beca;¿Cuáles son los requisitos para las causas de suspensión o pérdida y de qué forma recuperarla en mi caso?
1933;1. Criterios generales sobre becas;¿Cómo puedo los criterios y tipos de becas disponibles si aplica?
1934;1. Criterios generales sobre becas;¿En cuál consiste los criterios y tipos de becas disponibles en mi caso?
1935;3. Conservación de la beca;¿Cómo puedo las condiciones para mantener el beneficio según el reglamento?
1936;7. Financiamiento educativo (criterios, solicitud, renovación, pago, pérdida);¿Por qué clase de motivo se el sistema de créditos o apoyos financieros?
1937;3. Conservación de la beca;¿Qué sucede si las condiciones para mantener el beneficio?
1938;5. Transferencia y movilidad con beca o financiamiento;¿Cuándo debo las becas en caso de cambiar de campus o sede según el reglamento?
1939;4. Pérdida y recuperación de la beca;¿Se puede las causas de suspensión o pérdida y de qué manera recuperarla si aplica?
1940;4. Pérdida y recuperación de la beca;¿En qué tipo de consiste las causas de suspensión o pérdida y cómo recuperarla según el reglamento?
1941;4. Pérdida y recuperación de la beca;¿Cuándo debo las causas de suspensión o pérdida y de qué forma recuperarla en mi caso?
1942;2. Petición y otorgamiento de beca;¿Se puede el proceso para solicitar y obtener una beca?
1943;2. Petición y otorgamiento de beca;¿Cómo puedo el proceso para solicitar y obtener una beca según el reglamento?
1944;5. Transferencia y movilidad con beca o financiamiento;¿Quién puede las becas en caso de cambiar de campus o sede según el reglamento?
1945;7. Financiamiento educativo (criterios, solicitud, renovación, pago, pérdida);¿Cuándo debo el sistema de créditos o apoyos financieros en mi caso?
1946;1. Criterios generales sobre becas;¿Quién puede los criterios y tipos de becas disponibles actualmente?
1947;2. Petición y otorgamiento de beca;¿En qué tipo de consiste el proceso para solicitar y obtener una beca según el reglamento?
1948;4. Pérdida y recuperación de la beca;¿Por qué tipo de motivo se las causas de suspensión o pérdida y cómo recuperarla actualmente?
1949;5. Transferencia y movilidad con beca o financiamiento;¿En cuál consiste las becas en caso de cambiar de campus o sede actualmente?
1950;2. Petición y otorgamiento de beca;¿Cómo puedo el proceso para solicitar y obtener una beca según el reglamento?
1951;1. Criterios generales sobre becas;¿Dónde se los criterios y tipos de becas disponibles?
1952;7. Financiamiento educativo (criterios, solicitud, renovación, pago, pérdida);¿En qué tipo de consiste el sistema de créditos o apoyos financieros actualmente?
1953;2. Petición y otorgamiento de beca;¿Por qué clase de motivo se el proceso para solicitar y obtener una beca en mi caso?
1954;4. Pérdida y recuperación de la beca;¿Cómo puedo las causas de suspensión o pérdida y cómo podría recuperarla según el reglamento?
1955;4. Pérdida y recuperación de la beca;¿Quién puede las causas de suspensión o pérdida y de qué forma recuperarla en mi caso?
1956;4. Pérdida y recuperación de la beca;¿Cuándo debo las causas de suspensión o pérdida y cómo podría recuperarla según el reglamento?
1957;1. Criterios generales sobre becas;¿Quién puede los criterios y tipos de becas disponibles según el reglamento?
1958;8. Financiamiento educativo provisional;¿Por qué clase de motivo se los apoyos financieros temporales o de emergencia actualmente?
1959;1. Criterios generales sobre becas;¿Qué pasa si los criterios y tipos de becas disponibles en mi caso?
1960;7. Financiamiento educativo (criterios, solicitud, renovación, pago, pérdida);¿En cuál consiste el sistema de créditos o apoyos financieros?
1961;1. Criterios generales sobre becas;¿En cuál consiste los criterios y tipos de becas disponibles?
1962;7. Financiamiento educativo (criterios, solicitud, renovación, pago, pérdida);¿Cuándo debo el sistema de créditos o apoyos financieros en mi caso?
1963;3. Conservación de la beca;¿Cuándo debo las condiciones para mantener el beneficio actualmente?
1964;1. Criterios generales sobre becas;¿Qué pasa si los criterios y tipos de becas disponibles si aplica?
1965;6. Comité de becas y financiamiento educativo;¿Se puede el comité encargado de evaluar solicitudes actualmente?
1966;4. Pérdida y recuperación de la beca;¿Qué pasa si las causas de suspensión o pérdida y cómo recuperarla si aplica?
1967;2. Petición y otorgamiento de beca;¿Qué sucede si el proceso para solicitar y obtener una beca en mi caso?
1968;5. Transferencia y movilidad con beca o financiamiento;¿Cuáles son los requisitos para las becas en caso de cambiar de campus o sede?
1969;7. Financiamiento educativo (criterios, solicitud, renovación, pago, pérdida);¿Se puede el sistema de créditos o apoyos financieros actualmente?
1970;7. Financiamiento educativo (criterios, solicitud, renovación, pago, pérdida);¿Por cuál motivo se el sistema de créditos o apoyos financieros si aplica?
1971;3. Conservación de la beca;¿Qué sucede si las condiciones para mantener el beneficio según el reglamento?
1972;2. Petición y otorgamiento de beca;¿Dónde se el proceso para solicitar y obtener una beca en mi caso?
1973;1. Criterios generales sobre becas;¿Cuándo debo los criterios y tipos de becas disponibles en mi caso?
1974;3. Conservación de la beca;¿Se puede las condiciones para mantener el beneficio actualmente?
1975;3. Conservación de la beca;¿Se puede las condiciones para mantener el beneficio?
1976;2. Petición y otorgamiento de beca;¿Se puede el proceso para solicitar y obtener una beca?
1977;2. Petición y otorgamiento de beca;¿Se puede el proceso para solicitar y obtener una beca en mi caso?
1978;7. Financiamiento educativo (criterios, solicitud, renovación, pago, pérdida);¿Cuándo debo el sistema de créditos o apoyos financieros si aplica?
1979;7. Financiamiento educativo (criterios, solicitud, renovación, pago, pérdida);¿Se puede el sistema de créditos o apoyos financieros actualmente?
1980;8. Financiamiento educativo provisional;¿Por qué tipo de motivo se los apoyos financieros temporales o de emergencia si aplica?
1981;7. Financiamiento educativo (criterios, solicitud, renovación, pago, pérdida);¿En qué clase de consiste el sistema de créditos o apoyos financieros en mi caso?
1982;4. Pérdida y recuperación de la beca;¿Dónde se las causas de suspensión o pérdida y de qué forma recuperarla si aplica?
1983;4. Pérdida y recuperación de la beca;¿Dónde se las causas de suspensión o pérdida y de qué manera recuperarla actualmente?
1984;8. Financiamiento educativo provisional;¿Qué sucede si los apoyos financieros temporales o de emergencia?
1985;5. Transferencia y movilidad con beca o financiamiento;¿Cuáles son los requisitos para las becas en caso de cambiar de campus o sede si aplica?
1986;2. Petición y otorgamiento de beca;¿Quién puede el proceso para solicitar y obtener una beca actualmente?
1987;4. Pérdida y recuperación de la beca;¿Cuándo debo las causas de suspensión o pérdida y de qué manera recuperarla en mi caso?
1988;1. Criterios generales sobre becas;¿Por qué clase de motivo se los criterios y tipos de becas disponibles según el reglamento?
1989;5. Transferencia y movilidad con beca o financiamiento;¿Cuáles son los requisitos para las becas en caso de cambiar de campus o sede actualmente?
1990;5. Transferencia y movilidad con beca o financiamiento;¿Qué pasa si las becas en caso de cambiar de campus o sede en mi caso?
1991;1. Criterios generales sobre becas;¿Se puede los criterios y tipos de becas disponibles según el reglamento?
1992;2. Petición y otorgamiento de beca;¿Por qué tipo de motivo se el proceso para solicitar y obtener una beca?
1993;3. Conservación de la beca;¿Dónde se las condiciones para mantener el beneficio según el reglamento?
1994;7. Financiamiento educativo (criterios, solicitud, renovación, pago, pérdida);¿Qué sucede si el sistema de créditos o apoyos financieros?
1995;1. Criterios generales sobre becas;¿Cuándo debo los criterios y tipos de becas disponibles en mi caso?
1996;2. Petición y otorgamiento de beca;¿Qué sucede si el proceso para solicitar y obtener una beca actualmente?
1997;4. Pérdida y recuperación de la beca;¿Por qué tipo de motivo se las causas de suspensión o pérdida y cómo recuperarla actualmente?
1998;3. Conservación de la beca;¿Qué pasa si las condiciones para mantener el beneficio actualmente?
1999;3. Conservación de la beca;¿Se puede las condiciones para mantener el beneficio en mi caso?
2000;4. Pérdida y recuperación de la beca;¿Cuáles son los requisitos para las causas de suspensión o pérdida y de qué forma recuperarla si aplica?
2001;5. Transferencia y movilidad con beca o financiamiento;¿Se puede las becas en caso de cambiar de campus o sede en mi caso?
2002;7. Financiamiento educativo (criterios, solicitud, renovación, pago, pérdida);¿Qué pasa si el sistema de créditos o apoyos financieros actualmente?
2003;8. Financiamiento educativo provisional;¿Qué pasa si los apoyos financieros temporales o de emergencia?
2004;8. Financiamiento educativo provisional;¿Por cuál motivo se los apoyos financieros temporales o de emergencia?
2005;1. Criterios generales sobre becas;¿Cuáles son los requisitos para los criterios y tipos de becas disponibles según el reglamento?
2006;4. Pérdida y recuperación de la beca;¿Cuándo debo las causas de suspensión o pérdida y cómo podría recuperarla actualmente?
2007;5. Transferencia y movilidad con beca o financiamiento;¿Qué sucede si las becas en caso de cambiar de campus o sede según el reglamento?
2008;7. Financiamiento educativo (criterios, solicitud, renovación, pago, pérdida);¿Dónde se el sistema de créditos o apoyos financieros según el reglamento?
2009;3. Conservación de la beca;¿En qué clase de consiste las condiciones para mantener el beneficio si aplica?
2010;6. Comité de becas y financiamiento educativo;¿Qué sucede si el comité encargado de evaluar solicitudes en mi caso?
2011;6. Comité de becas y financiamiento educativo;¿Por qué clase de motivo se el comité encargado de evaluar solicitudes en mi caso?
2012;4. Pérdida y recuperación de la beca;¿Por cuál motivo se las causas de suspensión o pérdida y cómo recuperarla?
2013;2. Petición y otorgamiento de beca;¿Cuándo debo el proceso para solicitar y obtener una beca si aplica?
2014;1. Criterios generales sobre becas;¿Quién puede los criterios y tipos de becas disponibles en mi caso?
2015;6. Comité de becas y financiamiento educativo;¿Por cuál motivo se el comité encargado de evaluar solicitudes según el reglamento?
2016;7. Financiamiento educativo (criterios, solicitud, renovación, pago, pérdida);¿Dónde se el sistema de créditos o apoyos financieros actualmente?
2017;7. Financiamiento educativo (criterios, solicitud, renovación, pago, pérdida);¿Cómo puedo el sistema de créditos o apoyos financieros si aplica?
2018;5. Transferencia y movilidad con beca o financiamiento;¿Qué sucede si las becas en caso de cambiar de campus o sede actualmente?
2019;7. Financiamiento educativo (criterios, solicitud, renovación, pago, pérdida);¿Quién puede el sistema de créditos o apoyos financieros?
2020;6. Comité de becas y financiamiento educativo;¿Qué pasa si el comité encargado de evaluar solicitudes?
2021;1. Criterios generales sobre becas;¿Quién puede los criterios y tipos de becas disponibles si aplica?
2022;4. Pérdida y recuperación de la beca;¿Qué sucede si las causas de suspensión o pérdida y cómo recuperarla según el reglamento?
2023;3. Conservación de la beca;¿Dónde se las condiciones para mantener el beneficio en mi caso?
2024;2. Petición y otorgamiento de beca;¿Cuáles son los requisitos para el proceso para solicitar y obtener una beca en mi caso?
2025;4. Pérdida y recuperación de la beca;¿Qué sucede si las causas de suspensión o pérdida y cómo recuperarla si aplica?
2026;8. Financiamiento educativo provisional;¿Cuáles son los requisitos para los apoyos financieros temporales o de emergencia según el reglamento?
2027;3. Conservación de la beca;¿Por qué clase de motivo se las condiciones para mantener el beneficio si aplica?
2028;5. Transferencia y movilidad con beca o financiamiento;¿Quién puede las becas en caso de cambiar de campus o sede en mi caso?
2029;6. Comité de becas y financiamiento educativo;¿Cuándo debo el comité encargado de evaluar solicitudes si aplica?
2030;5. Transferencia y movilidad con beca o financiamiento;¿En qué clase de consiste las becas en caso de cambiar de campus o sede si aplica?
2031;7. Financiamiento educativo (criterios, solicitud, renovación, pago, pérdida);¿Se puede el sistema de créditos o apoyos financieros si aplica?
2032;2. Petición y otorgamiento de beca;¿Cómo puedo el proceso para solicitar y obtener una beca actualmente?
2033;1. Criterios generales sobre becas;¿Quién puede los criterios y tipos de becas disponibles actualmente?
2034;4. Pérdida y recuperación de la beca;¿En qué tipo de consiste las causas de suspensión o pérdida y cómo recuperarla según el reglamento?
2035;8. Financiamiento educativo provisional;¿Qué sucede si los apoyos financieros temporales o de emergencia si aplica?
2036;5. Transferencia y movilidad con beca o financiamiento;¿Qué pasa si las becas en caso de cambiar de campus o sede en mi caso?
2037;5. Transferencia y movilidad con beca o financiamiento;¿En qué tipo de consiste las becas en caso de cambiar de campus o sede actualmente?
2038;3. Conservación de la beca;¿Quién puede las condiciones para mantener el beneficio en mi caso?
2039;6. Comité de becas y financiamiento educativo;¿Quién puede el comité encargado de evaluar solicitudes actualmente?
2040;1. Criterios generales sobre becas;¿Cómo puedo los criterios y tipos de becas disponibles en mi caso?
2041;4. Pérdida y recuperación de la beca;¿Qué sucede si las causas de suspensión o pérdida y cómo recuperarla en mi caso?
2042;3. Conservación de la beca;¿Qué pasa si las condiciones para mantener el beneficio según el reglamento?
2043;3. Conservación de la beca;¿Cómo puedo las condiciones para mantener el beneficio si aplica?
2044;8. Financiamiento educativo provisional;¿En cuál consiste los apoyos financieros temporales o de emergencia en mi caso?
2045;1. Criterios generales sobre becas;¿En qué clase de consiste los criterios y tipos de becas disponibles en mi caso?
2046;6. Comité de becas y financiamiento educativo;¿Por qué tipo de motivo se el comité encargado de evaluar solicitudes?
2047;3. Conservación de la beca;¿Cómo puedo las condiciones para mantener el beneficio según el reglamento?
2048;3. Conservación de la beca;¿Qué sucede si las condiciones para mantener el beneficio si aplica?
2049;2. Petición y otorgamiento de beca;¿Quién puede el proceso para solicitar y obtener una beca según el reglamento?
2050;4. Pérdida y recuperación de la beca;¿Se puede las causas de suspensión o pérdida y cómo podría recuperarla actualmente?
2051;3. Conservación de la beca;¿Cuáles son los requisitos para las condiciones para mantener el beneficio?
2052;8. Financiamiento educativo provisional;¿Quién puede los apoyos financieros temporales o de emergencia?
2053;6. Comité de becas y financiamiento educativo;¿Quién puede el comité encargado de evaluar solicitudes actualmente?
2054;2. Petición y otorgamiento de beca;¿Dónde se el proceso para solicitar y obtener una beca si aplica?
2055;7. Financiamiento educativo (criterios, solicitud, renovación, pago, pérdida);¿En qué tipo de consiste el sistema de créditos o apoyos financieros en mi caso?
2056;7. Financiamiento educativo (criterios, solicitud, renovación, pago, pérdida);¿Quién puede el sistema de créditos o apoyos financieros si aplica?
2057;1. Criterios generales sobre becas;¿Cómo puedo los criterios y tipos de becas disponibles si aplica?
2058;5. Transferencia y movilidad con beca o financiamiento;¿Se puede las becas en caso de cambiar de campus o sede si aplica?
2059;6. Comité de becas y financiamiento educativo;¿Cuándo debo el comité encargado de evaluar solicitudes en mi caso?
2060;4. Pérdida y recuperación de la beca;¿Por cuál motivo se las causas de suspensión o pérdida y cómo recuperarla según el reglamento?
2061;4. Pérdida y recuperación de la beca;¿Cuáles son los requisitos para las causas de suspensión o pérdida y cómo podría recuperarla actualmente?
2062;2. Petición y otorgamiento de beca;¿Cuándo debo el proceso para solicitar y obtener una beca según el reglamento?
2063;3. Conservación de la beca;¿Quién puede las condiciones para mantener el beneficio si aplica?
2064;4. Pérdida y recuperación de la beca;¿Quién puede las causas de suspensión o pérdida y de qué forma recuperarla según el reglamento?
2065;4. Pérdida y recuperación de la beca;¿Cuándo debo las causas de suspensión o pérdida y de qué manera recuperarla?
2066;7. Financiamiento educativo (criterios, solicitud, renovación, pago, pérdida);¿Cómo puedo el sistema de créditos o apoyos financieros actualmente?
2067;8. Financiamiento educativo provisional;¿Qué sucede si los apoyos financieros temporales o de emergencia actualmente?
2068;7. Financiamiento educativo (criterios, solicitud, renovación, pago, pérdida);¿Se puede el sistema de créditos o apoyos financieros en mi caso?
2069;1. Criterios generales sobre becas;¿Quién puede los criterios y tipos de becas disponibles en mi caso?
2070;2. Petición y otorgamiento de beca;¿Por qué tipo de motivo se el proceso para solicitar y obtener una beca si aplica?
2071;5. Transferencia y movilidad con beca o financiamiento;¿Por qué clase de motivo se las becas en caso de cambiar de campus o sede?
2072;6. Comité de becas y financiamiento educativo;¿Quién puede el comité encargado de evaluar solicitudes en mi caso?
2073;3. Conservación de la beca;¿Se puede las condiciones para mantener el beneficio?
2074;3. Conservación de la beca;¿Qué pasa si las condiciones para mantener el beneficio si aplica?
2075;2. Petición y otorgamiento de beca;¿Qué sucede si el proceso para solicitar y obtener una beca?
2076;1. Criterios generales sobre becas;¿Quién puede los criterios y tipos de becas disponibles?
2077;4. Pérdida y recuperación de la beca;¿Quién puede las causas de suspensión o pérdida y cómo podría recuperarla según el reglamento?
2078;2. Petición y otorgamiento de beca;¿Cómo puedo el proceso para solicitar y obtener una beca actualmente?
2079;1. Criterios generales sobre becas;¿En qué tipo de consiste los criterios y tipos de becas disponibles en mi caso?
2080;5. Transferencia y movilidad con beca o financiamiento;¿Cómo puedo las becas en caso de cambiar de campus o sede actualmente?
2081;2. Petición y otorgamiento de beca;¿En cuál consiste el proceso para solicitar y obtener una beca actualmente?
2082;6. Comité de becas y financiamiento educativo;¿Cuándo debo el comité encargado de evaluar solicitudes en mi caso?
2083;8. Financiamiento educativo provisional;¿Quién puede los apoyos financieros temporales o de emergencia?
2084;5. Transferencia y movilidad con beca o financiamiento;¿Se puede las becas en caso de cambiar de campus o sede?
2085;1. Criterios generales sobre becas;¿Cuáles son los requisitos para los criterios y tipos de becas disponibles en mi caso?
2086;4. Pérdida y recuperación de la beca;¿Quién puede las causas de suspensión o pérdida y de qué forma recuperarla?
2087;6. Comité de becas y financiamiento educativo;¿En qué clase de consiste el comité encargado de evaluar solicitudes si aplica?
2088;5. Transferencia y movilidad con beca o financiamiento;¿Cómo puedo las becas en caso de cambiar de campus o sede actualmente?
2089;1. Criterios generales sobre becas;¿Cómo puedo los criterios y tipos de becas disponibles si aplica?
2090;5. Transferencia y movilidad con beca o financiamiento;¿Cuándo debo las becas en caso de cambiar de campus o sede?
2091;4. Pérdida y recuperación de la beca;¿Cuáles son los requisitos para las causas de suspensión o pérdida y cómo podría recuperarla si aplica?
2092;1. Criterios generales sobre becas;¿Por qué tipo de motivo se los criterios y tipos de becas disponibles en mi caso?
2093;6. Comité de becas y financiamiento educativo;¿Dónde se el comité encargado de evaluar solicitudes?
2094;1. Criterios generales sobre becas;¿Por qué clase de motivo se los criterios y tipos de becas disponibles si aplica?
2095;2. Petición y otorgamiento de beca;¿Cómo puedo el proceso para solicitar y obtener una beca si aplica?
2096;3. Conservación de la beca;¿Cuáles son los requisitos para las condiciones para mantener el beneficio actualmente?
2097;6. Comité de becas y financiamiento educativo;¿En qué tipo de consiste el comité encargado de evaluar solicitudes si aplica?
2098;7. Financiamiento educativo (criterios, solicitud, renovación, pago, pérdida);¿Por qué clase de motivo se el sistema de créditos o apoyos financieros en mi caso?
2099;2. Petición y otorgamiento de beca;¿Qué sucede si el proceso para solicitar y obtener una beca actualmente?
2100;2. Petición y otorgamiento de beca;¿Quién puede el proceso para solicitar y obtener una beca si aplica?
2101;3. Conservación de la beca;¿Se puede las condiciones para mantener el beneficio según el reglamento?
2102;2. Petición y otorgamiento de beca;¿Quién puede el proceso para solicitar y obtener una beca actualmente?
2103;7. Financiamiento educativo (criterios, solicitud, renovación, pago, pérdida);¿Qué pasa si el sistema de créditos o apoyos financieros según el reglamento?
2104;3. Conservación de la beca;¿Dónde se las condiciones para mantener el beneficio?
2105;4. Pérdida y recuperación de la beca;¿Qué pasa si las causas de suspensión o pérdida y cómo recuperarla en mi caso?
2106;4. Pérdida y recuperación de la beca;¿Qué pasa si las causas de suspensión o pérdida y cómo recuperarla si aplica?
2107;1. Criterios generales sobre becas;¿Cómo puedo los criterios y tipos de becas disponibles si aplica?
2108;8. Financiamiento educativo provisional;¿Cuándo debo los apoyos financieros temporales o de emergencia si aplica?
2109;1. Criterios generales sobre becas;¿Qué pasa si los criterios y tipos de becas disponibles actualmente?
2110;3. Conservación de la beca;¿Cuándo debo las condiciones para mantener el beneficio actualmente?
2111;1. Criterios generales sobre becas;¿Por qué tipo de motivo se los criterios y tipos de becas disponibles?
2112;8. Financiamiento educativo provisional;¿Dónde se los apoyos financieros temporales o de emergencia actualmente?
2113;7. Financiamiento educativo (criterios, solicitud, renovación, pago, pérdida);¿Dónde se el sistema de créditos o apoyos financieros actualmente?
2114;4. Pérdida y recuperación de la beca;¿Cuáles son los requisitos para las causas de suspensión o pérdida y cómo podría recuperarla actualmente?
2115;7. Financiamiento educativo (criterios, solicitud, renovación, pago, pérdida);¿Cómo puedo el sistema de créditos o apoyos financieros?
2116;2. Petición y otorgamiento de beca;¿Quién puede el proceso para solicitar y obtener una beca?
2117;3. Conservación de la beca;¿Se puede las condiciones para mantener el beneficio?
2118;3. Conservación de la beca;¿Quién puede las condiciones para mantener el beneficio según el reglamento?
2119;8. Financiamiento educativo provisional;¿Cómo puedo los apoyos financieros temporales o de emergencia si aplica?
2120;7. Financiamiento educativo (criterios, solicitud, renovación, pago, pérdida);¿Quién puede el sistema de créditos o apoyos financieros según el reglamento?
2121;6. Comité de becas y financiamiento educativo;¿Quién puede el comité encargado de evaluar solicitudes?
2122;8. Financiamiento educativo provisional;¿En qué clase de consiste los apoyos financieros temporales o de emergencia en mi caso?
2123;1. Criterios generales sobre becas;¿Qué sucede si los criterios y tipos de becas disponibles si aplica?
2124;7. Financiamiento educativo (criterios, solicitud, renovación, pago, pérdida);¿Por qué clase de motivo se el sistema de créditos o apoyos financieros en mi caso?
2125;3. Conservación de la beca;¿Se puede las condiciones para mantener el beneficio actualmente?
2126;5. Transferencia y movilidad con beca o financiamiento;¿Por qué clase de motivo se las becas en caso de cambiar de campus o sede?
2127;8. Financiamiento educativo provisional;¿En qué tipo de consiste los apoyos financieros temporales o de emergencia en mi caso?
2128;7. Financiamiento educativo (criterios, solicitud, renovación, pago, pérdida);¿Cuándo debo el sistema de créditos o apoyos financieros actualmente?
2129;2. Petición y otorgamiento de beca;¿Cuándo debo el proceso para solicitar y obtener una beca actualmente?
2130;4. Pérdida y recuperación de la beca;¿Cómo puedo las causas de suspensión o pérdida y de qué forma recuperarla?
2131;7. Financiamiento educativo (criterios, solicitud, renovación, pago, pérdida);¿Qué pasa si el sistema de créditos o apoyos financieros según el reglamento?
2132;6. Comité de becas y financiamiento educativo;¿Qué pasa si el comité encargado de evaluar solicitudes en mi caso?
2133;2. Petición y otorgamiento de beca;¿Cuáles son los requisitos para el proceso para solicitar y obtener una beca si aplica?
2134;4. Pérdida y recuperación de la beca;¿Por qué tipo de motivo se las causas de suspensión o pérdida y cómo recuperarla según el reglamento?
2135;8. Financiamiento educativo provisional;¿Cómo puedo los apoyos financieros temporales o de emergencia?
2136;8. Financiamiento educativo provisional;¿Quién puede los apoyos financieros temporales o de emergencia en mi caso?
2137;4. Pérdida y recuperación de la beca;¿Se puede las causas de suspensión o pérdida y de qué forma recuperarla en mi caso?
2138;8. Financiamiento educativo provisional;¿En qué clase de consiste los apoyos financieros temporales o de emergencia si aplica?
2139;4. Pérdida y recuperación de la beca;¿Cómo puedo las causas de suspensión o pérdida y de qué manera recuperarla si aplica?
2140;5. Transferencia y movilidad con beca o financiamiento;¿Dónde se las becas en caso de cambiar de campus o sede en mi caso?
2141;1. Criterios generales sobre becas;¿En qué clase de consiste los criterios y tipos de becas disponibles actualmente?
2142;3. Conservación de la beca;¿Qué pasa si las condiciones para mantener el beneficio en mi caso?
2143;1. Criterios generales sobre becas;¿Cuáles son los requisitos para los criterios y tipos de becas disponibles si aplica?
2144;2. Petición y otorgamiento de beca;¿Quién puede el proceso para solicitar y obtener una beca en mi caso?
2145;3. Conservación de la beca;¿Cuáles son los requisitos para las condiciones para mantener el beneficio según el reglamento?
2146;3. Conservación de la beca;¿Dónde se las condiciones para mantener el beneficio en mi caso?
2147;7. Financiamiento educativo (criterios, solicitud, renovación, pago, pérdida);¿En qué tipo de consiste el sistema de créditos o apoyos financieros si aplica?
2148;1. Criterios generales sobre becas;¿Cómo puedo los criterios y tipos de becas disponibles?
2149;5. Transferencia y movilidad con beca o financiamiento;¿Cuándo debo las becas en caso de cambiar de campus o sede según el reglamento?
2150;3. Conservación de la beca;¿Cuáles son los requisitos para las condiciones para mantener el beneficio en mi caso?
2151;2. Petición y otorgamiento de beca;¿Cuándo debo el proceso para solicitar y obtener una beca según el reglamento?
2152;7. Financiamiento educativo (criterios, solicitud, renovación, pago, pérdida);¿Cómo puedo el sistema de créditos o apoyos financieros actualmente?
2153;4. Pérdida y recuperación de la beca;¿Por qué clase de motivo se las causas de suspensión o pérdida y cómo recuperarla actualmente?
2154;7. Financiamiento educativo (criterios, solicitud, renovación, pago, pérdida);¿Quién puede el sistema de créditos o apoyos financieros según el reglamento?
2155;7. Financiamiento educativo (criterios, solicitud, renovación, pago, pérdida);¿Qué sucede si el sistema de créditos o apoyos financieros actualmente?
2156;4. Pérdida y recuperación de la beca;¿Quién puede las causas de suspensión o pérdida y cómo podría recuperarla en mi caso?
2157;4. Pérdida y recuperación de la beca;¿Qué sucede si las causas de suspensión o pérdida y cómo recuperarla en mi caso?
2158;3. Conservación de la beca;¿Quién puede las condiciones para mantener el beneficio si aplica?
2159;3. Conservación de la beca;¿Cuáles son los requisitos para las condiciones para mantener el beneficio según el reglamento?
2160;4. Pérdida y recuperación de la beca;¿En qué clase de consiste las causas de suspensión o pérdida y cómo recuperarla según el reglamento?
2161;3. Conservación de la beca;¿Dónde se las condiciones para mantener el beneficio en mi caso?
2162;5. Transferencia y movilidad con beca o financiamiento;¿Por qué tipo de motivo se las becas en caso de cambiar de campus o sede actualmente?
2163;8. Financiamiento educativo provisional;¿Quién puede los apoyos financieros temporales o de emergencia si aplica?
2164;8. Financiamiento educativo provisional;¿Quién puede los apoyos financieros temporales o de emergencia actualmente?
2165;7. Financiamiento educativo (criterios, solicitud, renovación, pago, pérdida);¿Cómo puedo el sistema de créditos o apoyos financieros actualmente?
2166;4. Pérdida y recuperación de la beca;¿Quién puede las causas de suspensión o pérdida y cómo podría recuperarla actualmente?
2167;5. Transferencia y movilidad con beca o financiamiento;¿Quién puede las becas en caso de cambiar de campus o sede en mi caso?
2168;3. Conservación de la beca;¿Se puede las condiciones para mantener el beneficio en mi caso?
2169;7. Financiamiento educativo (criterios, solicitud, renovación, pago, pérdida);¿En qué clase de consiste el sistema de créditos o apoyos financieros actualmente?
2170;6. Comité de becas y financiamiento educativo;¿Quién puede el comité encargado de evaluar solicitudes?
2171;7. Financiamiento educativo (criterios, solicitud, renovación, pago, pérdida);¿Qué pasa si el sistema de créditos o apoyos financieros si aplica?
2172;2. Petición y otorgamiento de beca;¿Cuáles son los requisitos para el proceso para solicitar y obtener una beca según el reglamento?
2173;2. Petición y otorgamiento de beca;¿Se puede el proceso para solicitar y obtener una beca actualmente?
2174;8. Financiamiento educativo provisional;¿Cuándo debo los apoyos financieros temporales o de emergencia si aplica?
2175;4. Pérdida y recuperación de la beca;¿Qué sucede si las causas de suspensión o pérdida y cómo recuperarla actualmente?
2176;2. Petición y otorgamiento de beca;¿Cómo puedo el proceso para solicitar y obtener una beca actualmente?
2177;4. Pérdida y recuperación de la beca;¿Se puede las causas de suspensión o pérdida y de qué manera recuperarla en mi caso?
2178;8. Financiamiento educativo provisional;¿Qué sucede si los apoyos financieros temporales o de emergencia en mi caso?
2179;2. Petición y otorgamiento de beca;¿Qué sucede si el proceso para solicitar y obtener una beca actualmente?
2180;7. Financiamiento educativo (criterios, solicitud, renovación, pago, pérdida);¿Cómo puedo el sistema de créditos o apoyos financieros actualmente?
2181;7. Financiamiento educativo (criterios, solicitud, renovación, pago, pérdida);¿Se puede el sistema de créditos o apoyos financieros si aplica?
2182;7. Financiamiento educativo (criterios, solicitud, renovación, pago, pérdida);¿Quién puede el sistema de créditos o apoyos financieros si aplica?
2183;1. Criterios generales sobre becas;¿Qué sucede si los criterios y tipos de becas disponibles?
2184;3. Conservación de la beca;¿Quién puede las condiciones para mantener el beneficio actualmente?
2185;3. Conservación de la beca;¿Dónde se las condiciones para mantener el beneficio en mi caso?
2186;6. Comité de becas y financiamiento educativo;¿Dónde se el comité encargado de evaluar solicitudes en mi caso?
2187;1. Criterios generales sobre becas;¿Se puede los criterios y tipos de becas disponibles si aplica?
2188;3. Conservación de la beca;¿Qué pasa si las condiciones para mantener el beneficio si aplica?
2189;1. Criterios generales sobre becas;¿Qué sucede si los criterios y tipos de becas disponibles si aplica?
2190;8. Financiamiento educativo provisional;¿Cuándo debo los apoyos financieros temporales o de emergencia en mi caso?
2191;2. Petición y otorgamiento de beca;¿Cuáles son los requisitos para el proceso para solicitar y obtener una beca?
2192;3. Conservación de la beca;¿En qué clase de consiste las condiciones para mantener el beneficio actualmente?
2193;3. Conservación de la beca;¿Cuáles son los requisitos para las condiciones para mantener el beneficio según el reglamento?
2194;4. Pérdida y recuperación de la beca;¿Cuándo debo las causas de suspensión o pérdida y de qué forma recuperarla actualmente?
2195;4. Pérdida y recuperación de la beca;¿Se puede las causas de suspensión o pérdida y cómo podría recuperarla en mi caso?
2196;3. Conservación de la beca;¿Cuáles son los requisitos para las condiciones para mantener el beneficio según el reglamento?
2197;1. Criterios generales sobre becas;¿Dónde se los criterios y tipos de becas disponibles si aplica?
2198;3. Conservación de la beca;¿Cuáles son los requisitos para las condiciones para mantener el beneficio si aplica?
2199;5. Transferencia y movilidad con beca o financiamiento;¿Qué pasa si las becas en caso de cambiar de campus o sede actualmente?
2200;1. Criterios generales sobre becas;¿Qué sucede si los criterios y tipos de becas disponibles según el reglamento?
2201;4. Pérdida y recuperación de la beca;¿Cuáles son los requisitos para las causas de suspensión o pérdida y de qué forma recuperarla según el reglamento?
2202;2. Petición y otorgamiento de beca;¿Qué pasa si el proceso para solicitar y obtener una beca si aplica?
2203;7. Financiamiento educativo (criterios, solicitud, renovación, pago, pérdida);¿Qué pasa si el sistema de créditos o apoyos financieros según el reglamento?
2204;2. Petición y otorgamiento de beca;¿Cuáles son los requisitos para el proceso para solicitar y obtener una beca si aplica?
2205;6. Comité de becas y financiamiento educativo;¿Se puede el comité encargado de evaluar solicitudes según el reglamento?
2206;7. Financiamiento educativo (criterios, solicitud, renovación, pago, pérdida);¿Quién puede el sistema de créditos o apoyos financieros en mi caso?
2207;7. Financiamiento educativo (criterios, solicitud, renovación, pago, pérdida);¿Quién puede el sistema de créditos o apoyos financieros según el reglamento?
2208;1. Criterios generales sobre becas;¿Cuándo debo los criterios y tipos de becas disponibles?
2209;4. Pérdida y recuperación de la beca;¿Qué pasa si las causas de suspensión o pérdida y cómo recuperarla?
2210;1. Criterios generales sobre becas;¿Dónde se los criterios y tipos de becas disponibles según el reglamento?
2211;1. Criterios generales sobre becas;¿Cuáles son los requisitos para los criterios y tipos de becas disponibles actualmente?
2212;1. Criterios generales sobre becas;¿Se puede los criterios y tipos de becas disponibles según el reglamento?
2213;3. Conservación de la beca;¿Se puede las condiciones para mantener el beneficio?
2214;1. Criterios generales sobre becas;¿Se puede los criterios y tipos de becas disponibles según el reglamento?
2215;2. Petición y otorgamiento de beca;¿En qué tipo de consiste el proceso para solicitar y obtener una beca si aplica?
2216;6. Comité de becas y financiamiento educativo;¿Cuáles son los requisitos para el comité encargado de evaluar solicitudes si aplica?
2217;8. Financiamiento educativo provisional;¿Dónde se los apoyos financieros temporales o de emergencia según el reglamento?
2218;2. Petición y otorgamiento de beca;¿Dónde se el proceso para solicitar y obtener una beca?
2219;7. Financiamiento educativo (criterios, solicitud, renovación, pago, pérdida);¿Dónde se el sistema de créditos o apoyos financieros en mi caso?
2220;7. Financiamiento educativo (criterios, solicitud, renovación, pago, pérdida);¿Cómo puedo el sistema de créditos o apoyos financieros actualmente?
2221;7. Financiamiento educativo (criterios, solicitud, renovación, pago, pérdida);¿En cuál consiste el sistema de créditos o apoyos financieros si aplica?
2222;8. Financiamiento educativo provisional;¿Cómo puedo los apoyos financieros temporales o de emergencia si aplica?
2223;7. Financiamiento educativo (criterios, solicitud, renovación, pago, pérdida);¿Cuándo debo el sistema de créditos o apoyos financieros?
2224;1. Criterios generales sobre becas;¿Se puede los criterios y tipos de becas disponibles en mi caso?
2225;7. Financiamiento educativo (criterios, solicitud, renovación, pago, pérdida);¿Quién puede el sistema de créditos o apoyos financieros actualmente?
2226;2. Petición y otorgamiento de beca;¿Cuándo debo el proceso para solicitar y obtener una beca según el reglamento?
2227;7. Financiamiento educativo (criterios, solicitud, renovación, pago, pérdida);¿Cuáles son los requisitos para el sistema de créditos o apoyos financieros en mi caso?
2228;1. Criterios generales sobre becas;¿Dónde se los criterios y tipos de becas disponibles en mi caso?
2229;4. Pérdida y recuperación de la beca;¿En qué tipo de consiste las causas de suspensión o pérdida y cómo recuperarla actualmente?
2230;6. Comité de becas y financiamiento educativo;¿Quién puede el comité encargado de evaluar solicitudes en mi caso?
2231;7. Financiamiento educativo (criterios, solicitud, renovación, pago, pérdida);¿Por cuál motivo se el sistema de créditos o apoyos financieros en mi caso?
2232;2. Petición y otorgamiento de beca;¿Quién puede el proceso para solicitar y obtener una beca si aplica?
2233;6. Comité de becas y financiamiento educativo;¿Quién puede el comité encargado de evaluar solicitudes si aplica?
2234;4. Pérdida y recuperación de la beca;¿Cuáles son los requisitos para las causas de suspensión o pérdida y de qué forma recuperarla si aplica?
2235;1. Criterios generales sobre becas;¿Dónde se los criterios y tipos de becas disponibles en mi caso?
2236;5. Transferencia y movilidad con beca o financiamiento;¿Quién puede las becas en caso de cambiar de campus o sede?
2237;8. Financiamiento educativo provisional;¿En qué clase de consiste los apoyos financieros temporales o de emergencia según el reglamento?
2238;1. Criterios generales sobre becas;¿Cómo puedo los criterios y tipos de becas disponibles en mi caso?
2239;8. Financiamiento educativo provisional;¿Qué pasa si los apoyos financieros temporales o de emergencia si aplica?
2240;4. Pérdida y recuperación de la beca;¿Quién puede las causas de suspensión o pérdida y de qué forma recuperarla en mi caso?
2241;6. Comité de becas y financiamiento educativo;¿Se puede el comité encargado de evaluar solicitudes?
2242;3. Conservación de la beca;¿Cuáles son los requisitos para las condiciones para mantener el beneficio según el reglamento?
2243;6. Comité de becas y financiamiento educativo;¿Se puede el comité encargado de evaluar solicitudes?
2244;6. Comité de becas y financiamiento educativo;¿Cuáles son los requisitos para el comité encargado de evaluar solicitudes actualmente?
2245;3. Conservación de la beca;¿Cuándo debo las condiciones para mantener el beneficio si aplica?
2246;7. Financiamiento educativo (criterios, solicitud, renovación, pago, pérdida);¿En qué clase de consiste el sistema de créditos o apoyos financieros según el reglamento?
2247;3. Conservación de la beca;¿Por cuál motivo se las condiciones para mantener el beneficio si aplica?
2248;7. Financiamiento educativo (criterios, solicitud, renovación, pago, pérdida);¿Quién puede el sistema de créditos o apoyos financieros si aplica?
2249;7. Financiamiento educativo (criterios, solicitud, renovación, pago, pérdida);¿Cuáles son los requisitos para el sistema de créditos o apoyos financieros en mi caso?
2250;2. Petición y otorgamiento de beca;¿Por qué tipo de motivo se el proceso para solicitar y obtener una beca actualmente?
2251;4. Pérdida y recuperación de la beca;¿Qué pasa si las causas de suspensión o pérdida y cómo recuperarla?
2252;6. Comité de becas y financiamiento educativo;¿Qué pasa si el comité encargado de evaluar solicitudes en mi caso?
2253;2. Petición y otorgamiento de beca;¿Se puede el proceso para solicitar y obtener una beca según el reglamento?
2254;4. Pérdida y recuperación de la beca;¿Dónde se las causas de suspensión o pérdida y cómo podría recuperarla según el reglamento?
2255;5. Transferencia y movilidad con beca o financiamiento;¿Se puede las becas en caso de cambiar de campus o sede si aplica?
2256;2. Petición y otorgamiento de beca;¿Cuáles son los requisitos para el proceso para solicitar y obtener una beca en mi caso?
2257;7. Financiamiento educativo (criterios, solicitud, renovación, pago, pérdida);¿Qué sucede si el sistema de créditos o apoyos financieros según el reglamento?
2258;7. Financiamiento educativo (criterios, solicitud, renovación, pago, pérdida);¿Qué pasa si el sistema de créditos o apoyos financieros en mi caso?
2259;7. Financiamiento educativo (criterios, solicitud, renovación, pago, pérdida);¿En qué clase de consiste el sistema de créditos o apoyos financieros según el reglamento?
2260;2. Petición y otorgamiento de beca;¿Se puede el proceso para solicitar y obtener una beca si aplica?
2261;3. Conservación de la beca;¿Cuáles son los requisitos para las condiciones para mantener el beneficio?
2262;4. Pérdida y recuperación de la beca;¿Cómo puedo las causas de suspensión o pérdida y cómo podría recuperarla si aplica?
2263;4. Pérdida y recuperación de la beca;¿Qué pasa si las causas de suspensión o pérdida y cómo recuperarla si aplica?
2264;7. Financiamiento educativo (criterios, solicitud, renovación, pago, pérdida);¿Cuáles son los requisitos para el sistema de créditos o apoyos financieros según el reglamento?
2265;2. Petición y otorgamiento de beca;¿Dónde se el proceso para solicitar y obtener una beca actualmente?
2266;8. Financiamiento educativo provisional;¿Cómo puedo los apoyos financieros temporales o de emergencia según el reglamento?
2267;7. Financiamiento educativo (criterios, solicitud, renovación, pago, pérdida);¿Se puede el sistema de créditos o apoyos financieros si aplica?
2268;4. Pérdida y recuperación de la beca;¿Se puede las causas de suspensión o pérdida y de qué manera recuperarla si aplica?
2269;3. Conservación de la beca;¿Se puede las condiciones para mantener el beneficio en mi caso?
2270;8. Financiamiento educativo provisional;¿Qué pasa si los apoyos financieros temporales o de emergencia?
2271;5. Transferencia y movilidad con beca o financiamiento;¿Dónde se las becas en caso de cambiar de campus o sede actualmente?
2272;3. Conservación de la beca;¿Qué pasa si las condiciones para mantener el beneficio según el reglamento?
2273;2. Petición y otorgamiento de beca;¿Por qué tipo de motivo se el proceso para solicitar y obtener una beca en mi caso?
2274;3. Conservación de la beca;¿Dónde se las condiciones para mantener el beneficio en mi caso?
2275;5. Transferencia y movilidad con beca o financiamiento;¿Quién puede las becas en caso de cambiar de campus o sede según el reglamento?
2276;2. Petición y otorgamiento de beca;¿Dónde se el proceso para solicitar y obtener una beca?
2277;2. Petición y otorgamiento de beca;¿Qué pasa si el proceso para solicitar y obtener una beca en mi caso?
2278;3. Conservación de la beca;¿Quién puede las condiciones para mantener el beneficio si aplica?
2279;2. Petición y otorgamiento de beca;¿Qué sucede si el proceso para solicitar y obtener una beca en mi caso?
2280;4. Pérdida y recuperación de la beca;¿Cuáles son los requisitos para las causas de suspensión o pérdida y cómo podría recuperarla en mi caso?
2281;6. Comité de becas y financiamiento educativo;¿Dónde se el comité encargado de evaluar solicitudes si aplica?
2282;1. Criterios generales sobre becas;¿Cómo puedo los criterios y tipos de becas disponibles según el reglamento?
2283;3. Conservación de la beca;¿Se puede las condiciones para mantener el beneficio si aplica?
2284;3. Conservación de la beca;¿Dónde se las condiciones para mantener el beneficio según el reglamento?
2285;2. Petición y otorgamiento de beca;¿En qué tipo de consiste el proceso para solicitar y obtener una beca si aplica?
2286;2. Petición y otorgamiento de beca;¿Por qué tipo de motivo se el proceso para solicitar y obtener una beca en mi caso?
2287;4. Pérdida y recuperación de la beca;¿En qué tipo de consiste las causas de suspensión o pérdida y cómo recuperarla según el reglamento?
2288;7. Financiamiento educativo (criterios, solicitud, renovación, pago, pérdida);¿Cuáles son los requisitos para el sistema de créditos o apoyos financieros según el reglamento?
2289;4. Pérdida y recuperación de la beca;¿Dónde se las causas de suspensión o pérdida y de qué forma recuperarla si aplica?
2290;1. Criterios generales sobre becas;¿Qué pasa si los criterios y tipos de becas disponibles actualmente?
2291;1. Criterios generales sobre becas;¿Cuáles son los requisitos para los criterios y tipos de becas disponibles según el reglamento?
2292;2. Petición y otorgamiento de beca;¿Cuándo debo el proceso para solicitar y obtener una beca actualmente?
2293;2. Petición y otorgamiento de beca;¿En qué tipo de consiste el proceso para solicitar y obtener una beca?
2294;7. Financiamiento educativo (criterios, solicitud, renovación, pago, pérdida);¿Por qué tipo de motivo se el sistema de créditos o apoyos financieros si aplica?
2295;5. Transferencia y movilidad con beca o financiamiento;¿Cuándo debo las becas en caso de cambiar de campus o sede actualmente?
2296;3. Conservación de la beca;¿Por qué tipo de motivo se las condiciones para mantener el beneficio en mi caso?
2297;4. Pérdida y recuperación de la beca;¿Dónde se las causas de suspensión o pérdida y de qué manera recuperarla actualmente?
2298;7. Financiamiento educativo (criterios, solicitud, renovación, pago, pérdida);¿Cuándo debo el sistema de créditos o apoyos financieros según el reglamento?
2299;2. Petición y otorgamiento de beca;¿Dónde se el proceso para solicitar y obtener una beca si aplica?
2300;7. Financiamiento educativo (criterios, solicitud, renovación, pago, pérdida);¿En cuál consiste el sistema de créditos o apoyos financieros si aplica?
2301;7. Financiamiento educativo (criterios, solicitud, renovación, pago, pérdida);¿Dónde se el sistema de créditos o apoyos financieros según el reglamento?
2302;7. Financiamiento educativo (criterios, solicitud, renovación, pago, pérdida);¿Quién puede el sistema de créditos o apoyos financieros?
2303;5. Transferencia y movilidad con beca o financiamiento;¿Quién puede las becas en caso de cambiar de campus o sede según el reglamento?
2304;7. Financiamiento educativo (criterios, solicitud, renovación, pago, pérdida);¿Se puede el sistema de créditos o apoyos financieros en mi caso?
2305;8. Financiamiento educativo provisional;¿Qué sucede si los apoyos financieros temporales o de emergencia según el reglamento?
2306;4. Pérdida y recuperación de la beca;¿Qué sucede si las causas de suspensión o pérdida y cómo recuperarla actualmente?
2307;8. Financiamiento educativo provisional;¿Por qué clase de motivo se los apoyos financieros temporales o de emergencia?
2308;4. Pérdida y recuperación de la beca;¿Cuáles son los requisitos para las causas de suspensión o pérdida y de qué forma recuperarla en mi caso?
2309;1. Criterios generales sobre becas;¿Qué sucede si los criterios y tipos de becas disponibles si aplica?
2310;6. Comité de becas y financiamiento educativo;¿Cómo puedo el comité encargado de evaluar solicitudes en mi caso?
2311;5. Transferencia y movilidad con beca o financiamiento;¿Dónde se las becas en caso de cambiar de campus o sede actualmente?
2312;7. Financiamiento educativo (criterios, solicitud, renovación, pago, pérdida);¿Quién puede el sistema de créditos o apoyos financieros en mi caso?
2313;5. Transferencia y movilidad con beca o financiamiento;¿Cuáles son los requisitos para las becas en caso de cambiar de campus o sede?
2314;3. Conservación de la beca;¿Quién puede las condiciones para mantener el beneficio actualmente?
2315;7. Financiamiento educativo (criterios, solicitud, renovación, pago, pérdida);¿Dónde se el sistema de créditos o apoyos financieros actualmente?
2316;2. Petición y otorgamiento de beca;¿Cuándo debo el proceso para solicitar y obtener una beca actualmente?
2317;2. Petición y otorgamiento de beca;¿Por qué clase de motivo se el proceso para solicitar y obtener una beca?
2318;6. Comité de becas y financiamiento educativo;¿Se puede el comité encargado de evaluar solicitudes si aplica?
2319;4. Pérdida y recuperación de la beca;¿Qué pasa si las causas de suspensión o pérdida y cómo recuperarla?
2320;7. Financiamiento educativo (criterios, solicitud, renovación, pago, pérdida);¿En qué tipo de consiste el sistema de créditos o apoyos financieros en mi caso?
2321;7. Financiamiento educativo (criterios, solicitud, renovación, pago, pérdida);¿Dónde se el sistema de créditos o apoyos financieros actualmente?
2322;3. Conservación de la beca;¿Qué pasa si las condiciones para mantener el beneficio si aplica?
2323;3. Conservación de la beca;¿Dónde se las condiciones para mantener el beneficio si aplica?
2324;2. Petición y otorgamiento de beca;¿Dónde se el proceso para solicitar y obtener una beca si aplica?
2325;7. Financiamiento educativo (criterios, solicitud, renovación, pago, pérdida);¿Por qué clase de motivo se el sistema de créditos o apoyos financieros en mi caso?
2326;6. Comité de becas y financiamiento educativo;¿Qué sucede si el comité encargado de evaluar solicitudes?
2327;1. Criterios generales sobre becas;¿Cómo puedo los criterios y tipos de becas disponibles en mi caso?
2328;7. Financiamiento educativo (criterios, solicitud, renovación, pago, pérdida);¿En cuál consiste el sistema de créditos o apoyos financieros en mi caso?
2329;2. Petición y otorgamiento de beca;¿Dónde se el proceso para solicitar y obtener una beca?
2330;7. Financiamiento educativo (criterios, solicitud, renovación, pago, pérdida);¿Cuándo debo el sistema de créditos o apoyos financieros?
2331;7. Financiamiento educativo (criterios, solicitud, renovación, pago, pérdida);¿En cuál consiste el sistema de créditos o apoyos financieros si aplica?
2332;3. Conservación de la beca;¿Se puede las condiciones para mantener el beneficio actualmente?
2333;3. Conservación de la beca;¿Cuándo debo las condiciones para mantener el beneficio?
2334;1. Criterios generales sobre becas;¿Dónde se los criterios y tipos de becas disponibles si aplica?
2335;8. Financiamiento educativo provisional;¿Por qué clase de motivo se los apoyos financieros temporales o de emergencia en mi caso?
2336;7. Financiamiento educativo (criterios, solicitud, renovación, pago, pérdida);¿Qué sucede si el sistema de créditos o apoyos financieros actualmente?
2337;6. Comité de becas y financiamiento educativo;¿En qué clase de consiste el comité encargado de evaluar solicitudes?
2338;7. Financiamiento educativo (criterios, solicitud, renovación, pago, pérdida);¿En cuál consiste el sistema de créditos o apoyos financieros actualmente?
2339;2. Petición y otorgamiento de beca;¿Quién puede el proceso para solicitar y obtener una beca si aplica?
2340;7. Financiamiento educativo (criterios, solicitud, renovación, pago, pérdida);¿Qué pasa si el sistema de créditos o apoyos financieros si aplica?
2341;2. Petición y otorgamiento de beca;¿Cuáles son los requisitos para el proceso para solicitar y obtener una beca en mi caso?
2342;6. Comité de becas y financiamiento educativo;¿Cuándo debo el comité encargado de evaluar solicitudes si aplica?
2343;3. Conservación de la beca;¿Qué pasa si las condiciones para mantener el beneficio si aplica?
2344;6. Comité de becas y financiamiento educativo;¿Dónde se el comité encargado de evaluar solicitudes según el reglamento?
2345;2. Petición y otorgamiento de beca;¿Por qué tipo de motivo se el proceso para solicitar y obtener una beca?
2346;2. Petición y otorgamiento de beca;¿Cuáles son los requisitos para el proceso para solicitar y obtener una beca actualmente?
2347;6. Comité de becas y financiamiento educativo;¿Se puede el comité encargado de evaluar solicitudes en mi caso?
2348;6. Comité de becas y financiamiento educativo;¿Por cuál motivo se el comité encargado de evaluar solicitudes en mi caso?
2349;7. Financiamiento educativo (criterios, solicitud, renovación, pago, pérdida);¿Se puede el sistema de créditos o apoyos financieros actualmente?
2350;6. Comité de becas y financiamiento educativo;¿Quién puede el comité encargado de evaluar solicitudes?
2351;6. Comité de becas y financiamiento educativo;¿Qué pasa si el comité encargado de evaluar solicitudes actualmente?
2352;7. Financiamiento educativo (criterios, solicitud, renovación, pago, pérdida);¿Qué sucede si el sistema de créditos o apoyos financieros?
2353;7. Financiamiento educativo (criterios, solicitud, renovación, pago, pérdida);¿Dónde se el sistema de créditos o apoyos financieros actualmente?
2354;2. Petición y otorgamiento de beca;¿Qué pasa si el proceso para solicitar y obtener una beca actualmente?
2355;6. Comité de becas y financiamiento educativo;¿Cuáles son los requisitos para el comité encargado de evaluar solicitudes actualmente?
2356;7. Financiamiento educativo (criterios, solicitud, renovación, pago, pérdida);¿En qué clase de consiste el sistema de créditos o apoyos financieros actualmente?
2357;5. Transferencia y movilidad con beca o financiamiento;¿Cuándo debo las becas en caso de cambiar de campus o sede si aplica?
2358;1. Criterios generales sobre becas;¿Quién puede los criterios y tipos de becas disponibles según el reglamento?
2359;7. Financiamiento educativo (criterios, solicitud, renovación, pago, pérdida);¿En qué tipo de consiste el sistema de créditos o apoyos financieros?
2360;7. Financiamiento educativo (criterios, solicitud, renovación, pago, pérdida);¿Qué sucede si el sistema de créditos o apoyos financieros?
2361;1. Criterios generales sobre becas;¿Qué sucede si los criterios y tipos de becas disponibles según el reglamento?
2362;8. Financiamiento educativo provisional;¿Dónde se los apoyos financieros temporales o de emergencia?
2363;5. Transferencia y movilidad con beca o financiamiento;¿Qué pasa si las becas en caso de cambiar de campus o sede en mi caso?
2364;4. Pérdida y recuperación de la beca;¿Cómo puedo las causas de suspensión o pérdida y cómo podría recuperarla si aplica?
2365;8. Financiamiento educativo provisional;¿En qué tipo de consiste los apoyos financieros temporales o de emergencia en mi caso?
2366;5. Transferencia y movilidad con beca o financiamiento;¿Cómo puedo las becas en caso de cambiar de campus o sede?
2367;5. Transferencia y movilidad con beca o financiamiento;¿Qué pasa si las becas en caso de cambiar de campus o sede en mi caso?
2368;7. Financiamiento educativo (criterios, solicitud, renovación, pago, pérdida);¿Cómo puedo el sistema de créditos o apoyos financieros según el reglamento?
2369;8. Financiamiento educativo provisional;¿Cuáles son los requisitos para los apoyos financieros temporales o de emergencia?
2370;3. Conservación de la beca;¿Qué sucede si las condiciones para mantener el beneficio en mi caso?
2371;5. Transferencia y movilidad con beca o financiamiento;¿Quién puede las becas en caso de cambiar de campus o sede?
2372;7. Financiamiento educativo (criterios, solicitud, renovación, pago, pérdida);¿Cuándo debo el sistema de créditos o apoyos financieros actualmente?
2373;3. Conservación de la beca;¿Se puede las condiciones para mantener el beneficio en mi caso?
2374;5. Transferencia y movilidad con beca o financiamiento;¿Por qué clase de motivo se las becas en caso de cambiar de campus o sede?
2375;7. Financiamiento educativo (criterios, solicitud, renovación, pago, pérdida);¿Se puede el sistema de créditos o apoyos financieros según el reglamento?
2376;7. Financiamiento educativo (criterios, solicitud, renovación, pago, pérdida);¿Qué sucede si el sistema de créditos o apoyos financieros en mi caso?
2377;3. Conservación de la beca;¿Qué sucede si las condiciones para mantener el beneficio según el reglamento?
2378;7. Financiamiento educativo (criterios, solicitud, renovación, pago, pérdida);¿Por qué clase de motivo se el sistema de créditos o apoyos financieros actualmente?
2379;5. Transferencia y movilidad con beca o financiamiento;¿Qué sucede si las becas en caso de cambiar de campus o sede en mi caso?
2380;4. Pérdida y recuperación de la beca;¿En qué tipo de consiste las causas de suspensión o pérdida y cómo recuperarla?
2381;2. Petición y otorgamiento de beca;¿Qué sucede si el proceso para solicitar y obtener una beca?
2382;3. Conservación de la beca;¿Qué pasa si las condiciones para mantener el beneficio?
2383;7. Financiamiento educativo (criterios, solicitud, renovación, pago, pérdida);¿Cuándo debo el sistema de créditos o apoyos financieros si aplica?
2384;7. Financiamiento educativo (criterios, solicitud, renovación, pago, pérdida);¿Por cuál motivo se el sistema de créditos o apoyos financieros en mi caso?
2385;2. Petición y otorgamiento de beca;¿Dónde se el proceso para solicitar y obtener una beca según el reglamento?
2386;5. Transferencia y movilidad con beca o financiamiento;¿Por cuál motivo se las becas en caso de cambiar de campus o sede?
2387;4. Pérdida y recuperación de la beca;¿Dónde se las causas de suspensión o pérdida y cómo podría recuperarla?
2388;1. Criterios generales sobre becas;¿Quién puede los criterios y tipos de becas disponibles según el reglamento?
2389;4. Pérdida y recuperación de la beca;¿Se puede las causas de suspensión o pérdida y de qué forma recuperarla según el reglamento?
2390;3. Conservación de la beca;¿Cuándo debo las condiciones para mantener el beneficio en mi caso?
2391;8. Financiamiento educativo provisional;¿Se puede los apoyos financieros temporales o de emergencia actualmente?
2392;3. Conservación de la beca;¿Se puede las condiciones para mantener el beneficio?
2393;8. Financiamiento educativo provisional;¿Por qué clase de motivo se los apoyos financieros temporales o de emergencia según el reglamento?
2394;1. Criterios generales sobre becas;¿Cuáles son los requisitos para los criterios y tipos de becas disponibles según el reglamento?
2395;5. Transferencia y movilidad con beca o financiamiento;¿Cuáles son los requisitos para las becas en caso de cambiar de campus o sede si aplica?
2396;2. Petición y otorgamiento de beca;¿Se puede el proceso para solicitar y obtener una beca según el reglamento?
2397;1. Criterios generales sobre becas;¿Qué sucede si los criterios y tipos de becas disponibles según el reglamento?
2398;7. Financiamiento educativo (criterios, solicitud, renovación, pago, pérdida);¿Dónde se el sistema de créditos o apoyos financieros actualmente?
2399;4. Pérdida y recuperación de la beca;¿Por qué clase de motivo se las causas de suspensión o pérdida y cómo recuperarla en mi caso?
2400;1. Criterios generales sobre becas;¿Por cuál motivo se los criterios y tipos de becas disponibles actualmente?
2401;6. Comité de becas y financiamiento educativo;¿Por qué tipo de motivo se el comité encargado de evaluar solicitudes si aplica?
2402;7. Financiamiento educativo (criterios, solicitud, renovación, pago, pérdida);¿Cuándo debo el sistema de créditos o apoyos financieros en mi caso?
2403;7. Financiamiento educativo (criterios, solicitud, renovación, pago, pérdida);¿Cuáles son los requisitos para el sistema de créditos o apoyos financieros en mi caso?
2404;1. Criterios generales sobre becas;¿Quién puede los criterios y tipos de becas disponibles en mi caso?
2405;4. Pérdida y recuperación de la beca;¿Quién puede las causas de suspensión o pérdida y de qué manera recuperarla si aplica?
2406;8. Financiamiento educativo provisional;¿Se puede los apoyos financieros temporales o de emergencia en mi caso?
2407;6. Comité de becas y financiamiento educativo;¿Por qué clase de motivo se el comité encargado de evaluar solicitudes actualmente?
2408;2. Petición y otorgamiento de beca;¿Dónde se el proceso para solicitar y obtener una beca en mi caso?
2409;1. Criterios generales sobre becas;¿Quién puede los criterios y tipos de becas disponibles según el reglamento?
2410;3. Conservación de la beca;¿Cuándo debo las condiciones para mantener el beneficio si aplica?
2411;7. Financiamiento educativo (criterios, solicitud, renovación, pago, pérdida);¿Cómo puedo el sistema de créditos o apoyos financieros según el reglamento?
2412;1. Criterios generales sobre becas;¿Cuáles son los requisitos para los criterios y tipos de becas disponibles según el reglamento?
2413;2. Petición y otorgamiento de beca;¿Quién puede el proceso para solicitar y obtener una beca según el reglamento?
2414;2. Petición y otorgamiento de beca;¿Qué sucede si el proceso para solicitar y obtener una beca según el reglamento?
2415;3. Conservación de la beca;¿Por cuál motivo se las condiciones para mantener el beneficio en mi caso?
2416;4. Pérdida y recuperación de la beca;¿En cuál consiste las causas de suspensión o pérdida y cómo recuperarla en mi caso?
2417;8. Financiamiento educativo provisional;¿Quién puede los apoyos financieros temporales o de emergencia actualmente?
2418;8. Financiamiento educativo provisional;¿Cuáles son los requisitos para los apoyos financieros temporales o de emergencia actualmente?
2419;4. Pérdida y recuperación de la beca;¿Cuáles son los requisitos para las causas de suspensión o pérdida y de qué manera recuperarla actualmente?
2420;3. Conservación de la beca;¿Qué pasa si las condiciones para mantener el beneficio en mi caso?
2421;3. Conservación de la beca;¿Qué sucede si las condiciones para mantener el beneficio según el reglamento?
2422;1. Criterios generales sobre becas;¿Qué pasa si los criterios y tipos de becas disponibles en mi caso?
2423;2. Petición y otorgamiento de beca;¿Qué sucede si el proceso para solicitar y obtener una beca en mi caso?
2424;2. Petición y otorgamiento de beca;¿Cómo puedo el proceso para solicitar y obtener una beca según el reglamento?
2425;3. Conservación de la beca;¿Qué sucede si las condiciones para mantener el beneficio si aplica?
2426;7. Financiamiento educativo (criterios, solicitud, renovación, pago, pérdida);¿Qué pasa si el sistema de créditos o apoyos financieros actualmente?
2427;5. Transferencia y movilidad con beca o financiamiento;¿Qué pasa si las becas en caso de cambiar de campus o sede en mi caso?
2428;4. Pérdida y recuperación de la beca;¿Dónde se las causas de suspensión o pérdida y de qué forma recuperarla?
2429;1. Criterios generales sobre becas;¿Quién puede los criterios y tipos de becas disponibles actualmente?
2430;7. Financiamiento educativo (criterios, solicitud, renovación, pago, pérdida);¿Se puede el sistema de créditos o apoyos financieros en mi caso?
2431;4. Pérdida y recuperación de la beca;¿Dónde se las causas de suspensión o pérdida y cómo podría recuperarla?
2432;6. Comité de becas y financiamiento educativo;¿Por qué clase de motivo se el comité encargado de evaluar solicitudes actualmente?
2433;7. Financiamiento educativo (criterios, solicitud, renovación, pago, pérdida);¿En qué tipo de consiste el sistema de créditos o apoyos financieros según el reglamento?
2434;4. Pérdida y recuperación de la beca;¿Dónde se las causas de suspensión o pérdida y de qué forma recuperarla?
2435;4. Pérdida y recuperación de la beca;¿Qué sucede si las causas de suspensión o pérdida y cómo recuperarla actualmente?
2436;1. Criterios generales sobre becas;¿Por qué clase de motivo se los criterios y tipos de becas disponibles en mi caso?
2437;3. Conservación de la beca;¿Por qué clase de motivo se las condiciones para mantener el beneficio actualmente?
2438;6. Comité de becas y financiamiento educativo;¿Cuándo debo el comité encargado de evaluar solicitudes según el reglamento?
2439;6. Comité de becas y financiamiento educativo;¿Qué pasa si el comité encargado de evaluar solicitudes según el reglamento?
2440;6. Comité de becas y financiamiento educativo;¿Qué pasa si el comité encargado de evaluar solicitudes actualmente?
2441;1. Criterios generales sobre becas;¿Cuándo debo los criterios y tipos de becas disponibles actualmente?
2442;4. Pérdida y recuperación de la beca;¿Quién puede las causas de suspensión o pérdida y de qué manera recuperarla si aplica?
2443;8. Financiamiento educativo provisional;¿Cómo puedo los apoyos financieros temporales o de emergencia según el reglamento?
2444;3. Conservación de la beca;¿Qué pasa si las condiciones para mantener el beneficio en mi caso?
2445;7. Financiamiento educativo (criterios, solicitud, renovación, pago, pérdida);¿Qué sucede si el sistema de créditos o apoyos financieros según el reglamento?
2446;4. Pérdida y recuperación de la beca;¿Qué sucede si las causas de suspensión o pérdida y cómo recuperarla actualmente?
2447;4. Pérdida y recuperación de la beca;¿Por cuál motivo se las causas de suspensión o pérdida y cómo recuperarla si aplica?
2448;3. Conservación de la beca;¿En cuál consiste las condiciones para mantener el beneficio?
2449;3. Conservación de la beca;¿Cuáles son los requisitos para las condiciones para mantener el beneficio según el reglamento?
2450;4. Pérdida y recuperación de la beca;¿Dónde se las causas de suspensión o pérdida y cómo podría recuperarla si aplica?
2451;4. Pérdida y recuperación de la beca;¿Qué sucede si las causas de suspensión o pérdida y cómo recuperarla?
2452;7. Financiamiento educativo (criterios, solicitud, renovación, pago, pérdida);¿Cuáles son los requisitos para el sistema de créditos o apoyos financieros en mi caso?
2453;2. Petición y otorgamiento de beca;¿Cuáles son los requisitos para el proceso para solicitar y obtener una beca?
2454;7. Financiamiento educativo (criterios, solicitud, renovación, pago, pérdida);¿Cuándo debo el sistema de créditos o apoyos financieros según el reglamento?
2455;1. Criterios generales sobre becas;¿Qué pasa si los criterios y tipos de becas disponibles si aplica?
2456;2. Petición y otorgamiento de beca;¿Cuándo debo el proceso para solicitar y obtener una beca en mi caso?
2457;4. Pérdida y recuperación de la beca;¿En qué tipo de consiste las causas de suspensión o pérdida y cómo recuperarla según el reglamento?
2458;4. Pérdida y recuperación de la beca;¿Qué sucede si las causas de suspensión o pérdida y cómo recuperarla según el reglamento?
2459;2. Petición y otorgamiento de beca;¿En cuál consiste el proceso para solicitar y obtener una beca?
2460;7. Financiamiento educativo (criterios, solicitud, renovación, pago, pérdida);¿Cuáles son los requisitos para el sistema de créditos o apoyos financieros?
2461;5. Transferencia y movilidad con beca o financiamiento;¿Cuáles son los requisitos para las becas en caso de cambiar de campus o sede?
2462;6. Comité de becas y financiamiento educativo;¿En qué tipo de consiste el comité encargado de evaluar solicitudes?
2463;2. Petición y otorgamiento de beca;¿Quién puede el proceso para solicitar y obtener una beca según el reglamento?
2464;7. Financiamiento educativo (criterios, solicitud, renovación, pago, pérdida);¿Por qué clase de motivo se el sistema de créditos o apoyos financieros si aplica?
2465;3. Conservación de la beca;¿Qué sucede si las condiciones para mantener el beneficio según el reglamento?
2466;1. Criterios generales sobre becas;¿Qué sucede si los criterios y tipos de becas disponibles actualmente?
2467;1. Criterios generales sobre becas;¿Qué pasa si los criterios y tipos de becas disponibles actualmente?
2468;2. Petición y otorgamiento de beca;¿Qué pasa si el proceso para solicitar y obtener una beca en mi caso?
2469;1. Criterios generales sobre becas;¿Cómo puedo los criterios y tipos de becas disponibles según el reglamento?
2470;5. Transferencia y movilidad con beca o financiamiento;¿Cuándo debo las becas en caso de cambiar de campus o sede actualmente?
2471;8. Financiamiento educativo provisional;¿Cuándo debo los apoyos financieros temporales o de emergencia según el reglamento?
2472;2. Petición y otorgamiento de beca;¿Se puede el proceso para solicitar y obtener una beca?
2473;3. Conservación de la beca;¿Cuándo debo las condiciones para mantener el beneficio si aplica?
2474;8. Financiamiento educativo provisional;¿Quién puede los apoyos financieros temporales o de emergencia si aplica?
2475;4. Pérdida y recuperación de la beca;¿Qué sucede si las causas de suspensión o pérdida y cómo recuperarla según el reglamento?
2476;4. Pérdida y recuperación de la beca;¿Quién puede las causas de suspensión o pérdida y de qué manera recuperarla en mi caso?
2477;3. Conservación de la beca;¿Cuándo debo las condiciones para mantener el beneficio actualmente?
2478;2. Petición y otorgamiento de beca;¿Cuándo debo el proceso para solicitar y obtener una beca si aplica?
2479;8. Financiamiento educativo provisional;¿Cuáles son los requisitos para los apoyos financieros temporales o de emergencia si aplica?
2480;7. Financiamiento educativo (criterios, solicitud, renovación, pago, pérdida);¿Qué sucede si el sistema de créditos o apoyos financieros?
2481;4. Pérdida y recuperación de la beca;¿Quién puede las causas de suspensión o pérdida y de qué manera recuperarla en mi caso?
2482;5. Transferencia y movilidad con beca o financiamiento;¿Qué pasa si las becas en caso de cambiar de campus o sede si aplica?
2483;3. Conservación de la beca;¿Qué pasa si las condiciones para mantener el beneficio según el reglamento?
2484;1. Criterios generales sobre becas;¿Por qué tipo de motivo se los criterios y tipos de becas disponibles en mi caso?
2485;7. Financiamiento educativo (criterios, solicitud, renovación, pago, pérdida);¿Quién puede el sistema de créditos o apoyos financieros según el reglamento?
2486;4. Pérdida y recuperación de la beca;¿Quién puede las causas de suspensión o pérdida y de qué manera recuperarla actualmente?
2487;4. Pérdida y recuperación de la beca;¿Dónde se las causas de suspensión o pérdida y de qué forma recuperarla actualmente?
2488;1. Criterios generales sobre becas;¿Se puede los criterios y tipos de becas disponibles actualmente?
2489;3. Conservación de la beca;¿Dónde se las condiciones para mantener el beneficio si aplica?
2490;6. Comité de becas y financiamiento educativo;¿Cuáles son los requisitos para el comité encargado de evaluar solicitudes actualmente?
2491;4. Pérdida y recuperación de la beca;¿Cuáles son los requisitos para las causas de suspensión o pérdida y de qué forma recuperarla?
2492;3. Conservación de la beca;¿Por cuál motivo se las condiciones para mantener el beneficio en mi caso?
2493;3. Conservación de la beca;¿En cuál consiste las condiciones para mantener el beneficio actualmente?
2494;2. Petición y otorgamiento de beca;¿Cuándo debo el proceso para solicitar y obtener una beca?
2495;2. Petición y otorgamiento de beca;¿En qué clase de consiste el proceso para solicitar y obtener una beca según el reglamento?
2496;4. Pérdida y recuperación de la beca;¿En qué tipo de consiste las causas de suspensión o pérdida y cómo recuperarla según el reglamento?
2497;2. Petición y otorgamiento de beca;¿Qué sucede si el proceso para solicitar y obtener una beca?
2498;1. Criterios generales sobre becas;¿Por qué clase de motivo se los criterios y tipos de becas disponibles en mi caso?
2499;4. Pérdida y recuperación de la beca;¿Cuáles son los requisitos para las causas de suspensión o pérdida y de qué manera recuperarla en mi caso?
2500;7. Financiamiento educativo (criterios, solicitud, renovación, pago, pérdida);¿Dónde se el sistema de créditos o apoyos financieros si aplica?
